interaction_id,user_id,timestamp,input_length,response_length,response_time_ms,token_usage,satisfaction_score,retry_count,model_version,device_type,network_latency,ambiguity,creativity,factual_density,personalization,anomaly_flag,outlier_score,drift_score
1,8,1735724820,64,80,241,144,3,1,3,1,34,0.528601883689979,0.7289720060005754,0.10926725355818823,0.5742731150677747,0,0.18178161095328738,0.9955163763063611
2,9,1735728600,62,121,390,183,5,1,4,0,34,0.26536654943357985,0.7774351600174635,0.5906340778251248,0.4854089420100546,0,0.09393717171916549,0.49015232331077996
3,2,1735734600,26,13,108,39,1,2,4,1,70,0.963657442610793,0.6722735476746602,0.7005459485221976,0.7501271755902638,0,0.6556425588286899,0.3309049631034272
4,4,1735741620,41,71,202,112,1,2,4,0,41,0.9114872052347894,0.7761958287599253,0.403996583181529,0.09709013989309001,0,0.23316793325924545,0.5372612749330885
5,10,1735744500,44,70,311,114,5,1,1,0,28,0.9729051002113627,0.6937215720931722,0.40602956063053186,0.42821208748488515,0,0.5728144120710477,0.06439577411570185
6,10,1735754940,48,44,122,92,3,1,1,0,49,0.996919572209523,0.13577068228917677,0.5733113907143038,0.49882459493206066,0,0.9794187228352779,0.17720677030991405
7,6,1735767600,30,61,288,91,3,0,4,0,52,0.669800095180972,0.6082218974785071,0.0277840959071618,0.8310513103983777,0,0.31596182027953157,0.14892041734650996
8,10,1735784400,43,69,245,112,1,1,3,1,10,0.4516854958057447,0.7768766825595325,0.957865896386749,0.8142176602312994,0,0.03494427771672881,0.027915545071051873
9,11,1735786860,41,31,171,72,2,3,3,0,49,0.8507339014963048,0.8655166063244678,0.2899057070967094,0.8482653598499812,0,0.14282261439642052,0.7222123030452839
10,5,1735797540,68,139,418,207,4,3,2,1,67,0.023804877836338556,0.24623524268370767,0.1408908617688801,0.6978729278677018,0,0.11932200941117077,0.32547454586182356
11,11,1735812300,69,152,453,221,5,1,3,0,59,0.8344040447135034,0.12743076093853856,0.005488396134590401,0.5305558071848376,0,0.4632835272052358,0.1685363112420898
12,4,1735812780,52,123,324,175,5,3,1,1,94,0.49728602421100665,0.7810904435825796,0.8568915413857133,0.8278793213433822,0,0.7446505696606273,0.5122437705256234
13,3,1735818900,47,91,337,138,3,2,2,1,75,0.6732200270834178,0.25654834503566537,0.8632073757996691,0.8732824152552696,0,0.2964443857818584,0.3234444059720648
14,9,1735829160,57,103,331,160,3,0,3,0,78,0.3740460613425076,0.03192947832088733,0.09530660451771011,0.4804845926588137,0,0.14584277084384323,0.3930177707980791
15,8,1735832340,40,98,253,138,1,3,1,0,106,0.3686231538668159,0.8252135636493042,0.152241302888801,0.9856619078887716,0,0.6407667663289269,0.3155318170618111
16,2,1735852140,34,94,299,128,1,1,1,1,65,0.03171715281088772,0.50599113381086,0.44790223125776796,0.8748181249791787,0,0.30118020884924246,0.003983514358832152
17,10,1735866120,38,91,371,129,3,2,1,0,53,0.4237894304290133,0.32663313242842196,0.1857041730663156,0.5104696654214079,0,0.5751703493122327,0.688328864418925
18,3,1735868160,43,58,319,101,3,2,1,1,69,0.40835419541933005,0.011429105231549164,0.7358211368367569,0.06928759534710638,0,0.9337865596727519,0.11069047873405968
19,10,1735874580,34,65,285,99,1,1,4,1,38,0.22479110186807127,0.035327444707947686,0.058039745705722345,0.22449205087189628,0,0.2913469549265262,0.21914239706296945
20,1,1735910760,57,111,282,168,3,2,3,1,52,0.24732327353976746,0.7926232705602947,0.5497093323858661,0.7763985793762849,0,0.5124916144862686,0.1903170435638315
21,10,1735919340,68,86,316,154,4,2,4,1,37,0.5841395804425117,0.48970588496486445,0.3827915651139041,0.11115425699868475,0,0.8068119136312163,0.33136729549870747
22,10,1735934640,26,56,274,82,5,1,2,1,57,0.31777144253950307,0.14972204929646016,0.46494648369225156,0.4698000663192632,0,0.6917181124976282,0.1601976794963561
23,10,1735961340,55,144,444,199,5,1,3,1,36,0.8302519090172897,0.35850562724901813,0.42475711769560176,0.6048521921047275,0,0.7514781747791858,0.34695212418795407
24,8,1735967700,51,104,367,155,2,2,4,0,36,0.11138510685706648,0.1653051475375229,0.15315918253465366,0.8783468283705153,0,0.7725693748561002,0.24326434580773415
25,6,1735968720,61,139,416,200,2,0,2,1,58,0.5776449465750436,0.11288155318038662,0.22028148530856229,0.8471138628934799,0,0.5399160203340431,0.06121511317241102
26,9,1735971360,54,100,316,154,5,0,3,0,47,0.16004472713910234,0.2763078206741436,0.06480769891042659,0.7642779210597328,0,0.536062107902265,0.8705629771698292
27,4,1735978500,28,48,185,76,4,3,3,0,11,0.5282406269206588,0.5495085474623974,0.11528557529907124,0.407694242611199,0,0.7188895804484474,0.30558110709871145
28,10,1735984800,32,65,155,97,2,1,4,1,20,0.5525458869503187,0.2100066078122269,0.9778948224189149,0.14224925434229707,0,0.6976482701135557,0.09528214637638055
29,7,1735993560,55,82,300,137,4,2,4,1,27,0.6422976865257292,0.3436710812847671,0.27978681167725195,0.6696493095578478,0,0.6700576640296851,0.521526378952123
30,6,1736007780,73,112,353,185,1,2,3,1,32,0.4274249472728937,0.47793088395645966,0.3070255393395642,0.18128862248847266,0,0.3821346921426636,0.12327551836880324
31,7,1736024160,15,52,251,67,3,3,3,0,58,0.5094746851292544,0.4200297391831519,0.12710633043212105,0.5613144834086158,0,0.8285426456048768,0.7730932014568469
32,7,1736035620,61,137,327,198,2,2,4,0,54,0.18095261608129332,0.12862779912128963,0.7551642044967515,0.9806781824633444,0,0.2362028893708893,0.06157794323983956
33,1,1736066460,76,116,384,192,5,2,3,1,71,0.46301534973632963,0.03886563553588818,0.924142810187282,0.5503097758072746,0,0.15573196635271225,0.4646359499442313
34,2,1736105460,52,112,446,164,1,3,2,0,65,0.37303038909429054,0.03545872694893892,0.789750537066651,0.6455568672604475,0,0.34516221911570155,0.9438263301157783
35,3,1736119500,64,113,349,177,5,3,3,1,71,0.6661311046544097,0.35017901802786733,0.6126158294341718,0.6775754719161738,0,0.25383124040495597,0.15896905365841352
36,2,1736140500,42,82,280,124,2,0,3,0,62,0.43482172349648607,0.7188020785373228,0.8132329156105762,0.8303883576755049,0,0.6631825122031564,0.20136867690549798
37,6,1736146020,52,102,339,154,1,2,1,1,54,0.7793416509802202,0.13125529872927066,0.4042302329328584,0.43498067810704877,0,0.23101785114996087,0.6004649113952157
38,9,1736147520,25,64,349,89,4,0,3,0,71,0.42599209857369214,0.7869801163644256,0.8594973550806875,0.4975099010524977,0,0.6564898383508689,0.9798540715953394
39,8,1736156580,12,23,114,35,4,3,3,0,68,0.23577117297395866,0.7156743093138368,0.798518849638182,0.17597201392458994,0,0.5132227948407885,0.38583574828559375
40,6,1736184540,71,156,442,227,1,0,4,1,57,0.2736887189585846,0.0039434908856111894,0.001724644256319019,0.614679887737502,0,0.15245006807525963,0.6486450927772066
41,11,1736186220,37,72,224,109,1,0,3,1,75,0.04528522509163657,0.02674787298184511,0.487794134917517,0.2957580063243892,0,0.2583962641210229,0.15231706278163393
42,7,1736190900,46,95,282,141,1,0,1,1,5,0.5399188106009101,0.19503321553805164,0.2646165760792262,0.5076247488886996,0,0.5217267843032228,0.6413971332643023
43,1,1736201640,30,37,191,67,3,2,4,1,44,0.8308808839003218,0.05612091105058503,0.08623291636769548,0.7665571935098978,0,0.7331053039236981,0.2526620649548932
44,10,1736207820,29,95,377,124,1,0,3,0,43,0.7691117068175701,0.5313431052703059,0.8461960427477748,0.017569904681986603,0,0.39825164417467596,0.6132876074913306
45,7,1736208360,51,101,412,152,4,0,2,1,73,0.4377894663384714,0.039627261458415775,0.007949684301122306,0.5639155265843732,0,0.23283264217804,0.08866120808360944
46,8,1736253180,41,88,318,129,1,2,4,0,81,0.1961203551445122,0.8026458379953977,0.7301635020553603,0.17344501731068973,0,0.2950782090937888,0.5249690217053291
47,7,1736261520,61,77,255,138,4,3,2,1,20,0.8634844432974528,0.4929620689458105,0.9881921209971861,0.27938333978385366,0,0.09511718927339685,0.2374049946732404
48,7,1736264640,63,96,436,159,5,2,2,0,78,0.0567810340450684,0.7279543666724776,0.4820197667062357,0.03471328008699792,0,0.025149501090233062,0.6817087033294134
49,2,1736269980,60,132,362,192,4,1,4,0,26,0.399222725202494,0.7507025509358412,0.37124052994143464,0.16946276018590223,0,0.9731293119968542,0.7476697870683154
50,7,1736270280,59,111,313,170,5,2,4,0,27,0.8566151423839511,0.5067639396702327,0.6058329544747134,0.9866293932871518,0,0.09640993436591538,0.8481425305593974
51,10,1736278920,83,111,253,194,5,2,3,1,45,0.3931766874041964,0.9253628762534661,0.8046978276476722,0.9985227611993119,0,0.12488734511065003,0.992395368919082
52,4,1736296680,35,83,355,118,1,1,2,1,43,0.11787547075695992,0.9902407738553081,0.24025199377527884,0.7198479198896475,0,0.8709640850796426,0.459354779653232
53,8,1736305380,54,86,340,140,2,2,4,0,18,0.2659495003457961,0.35921468601454587,0.2507014291535362,0.6118568547711936,0,0.663505235719258,0.6705944172073243
54,1,1736321400,75,163,566,238,4,0,1,1,62,0.6000294417429484,0.12586414024923354,0.6071780140868468,0.777006953099265,0,0.4360725312453263,0.01842371625212169
55,5,1736328660,77,136,322,213,2,0,3,1,63,0.15203590769457087,0.3632381786478669,0.9398798208543053,0.8965542721851617,0,0.6490234057258495,0.9050870333062111
56,6,1736344380,29,56,304,85,4,2,3,1,71,0.6549353268423558,0.2233538970142701,0.29843997575876346,0.5193050595654082,0,0.9349848235304102,0.615743145528579
57,12,1736352000,49,111,345,160,4,1,4,1,41,0.43816193119924574,0.5310056670617501,0.3767546632290131,0.03528399941770122,0,0.09937731143570594,0.4213449792732371
58,3,1736363040,79,124,408,203,5,0,2,0,49,0.3343895008205219,0.37838760125240145,0.9933333014602895,0.7093958205800527,0,0.24371102717533222,0.4343127427606507
59,4,1736383800,64,95,227,159,2,0,4,0,49,0.24092548052316387,0.4804494142867909,0.1762221652065158,0.9846025020724225,0,0.8603004034707409,0.7579956463603956
60,5,1736431200,58,100,393,158,2,3,1,1,83,0.8233299858567095,0.7631875760760015,0.07696816837530407,0.2580529559719613,0,0.780639345301107,0.8334700035358941
61,12,1736436960,51,108,375,159,1,1,4,0,5,0.39667394746340157,0.27402097454185215,0.5897552388806061,0.46346556546109996,0,0.9942567215571908,0.8079036763148518
62,11,1736474160,48,59,236,107,2,0,1,1,30,0.7384792656062277,0.5374747246397255,0.024266988421632996,0.36127440105128117,0,0.3139088150721925,0.5105846530470237
63,1,1736475360,60,74,300,134,2,2,3,0,50,0.44035519263738443,0.3351612493286884,0.1804332312748227,0.3904674942298634,0,0.9448863971385452,0.3711466375680317
64,3,1736485140,50,106,293,156,3,2,1,0,28,0.09186718688677942,0.7849608641206614,0.622209180690468,0.7213999938753569,0,0.34368883129500416,0.9455393614155355
65,10,1736492700,54,85,261,139,3,1,4,1,44,0.4405059751672604,0.6395366324076963,0.659512400691333,0.37840438975605006,0,0.7150931911854932,0.6341995247702099
66,1,1736502000,56,92,280,148,5,3,4,1,47,0.507687779735764,0.008504730510610736,0.5104252496476197,0.9410841254587267,0,0.8827429476215864,0.5436534089942116
67,11,1736521920,42,38,103,80,4,1,1,1,36,0.45784219349337685,0.6600513411052183,0.3837480462293833,0.7896584537635604,0,0.17078209525836174,0.5983189320282927
68,4,1736527200,64,101,365,165,4,2,4,1,51,0.8162417117482725,0.17016200806658233,0.5761975844218483,0.02764702508769512,0,0.2056386550352003,0.6298665081862826
69,12,1736572560,107,192,563,299,1,2,2,0,62,0.9108513490430293,0.7244737902030393,0.6433857530332387,0.8185488820337248,0,0.5809586480323466,0.713072884106904
70,4,1736581080,23,60,204,83,3,2,3,1,45,0.786778675211034,0.5673386668454581,0.8034820462916507,0.7728574224386586,0,0.8438247700355141,0.5531846950411659
71,6,1736596860,60,92,321,152,4,0,1,0,40,0.5827819022109597,0.4014826777231747,0.7927508282098474,0.5164937283812335,0,0.07894953522211168,0.8753553544574786
72,8,1736606460,41,106,318,147,2,2,1,0,46,0.5414499605548907,0.6940664292072585,0.6648007655149478,0.49681739674641356,0,0.8508808097559035,0.8597142142737162
73,2,1736614380,65,103,342,168,3,2,1,1,49,0.644616030123659,0.8565932858687801,0.8942325832284657,0.8355269034669534,0,0.34312052954509653,0.4422577446528374
74,7,1736620560,55,85,258,140,4,0,3,0,15,0.2878302964393745,0.7787437138620732,0.8380252535954188,0.42478528916303493,0,0.4062266139725018,0.16853611212553654
75,7,1736620800,68,153,381,221,4,0,3,1,59,0.8118468461486851,0.5453792765719075,0.1332460082179402,0.15946234329329845,0,0.33986109568755607,0.5766557137711008
76,10,1736663220,76,141,454,217,5,2,4,0,40,0.8568481776036609,0.7226943202595297,0.9566794413234834,0.31289883284903264,0,0.9114799046076875,0.6207395221311821
77,12,1736674440,58,93,302,151,3,0,1,1,75,0.26721716318183053,0.4139145543927536,0.8917423023179204,0.26520240335748935,0,0.13079432658283907,0.5233795739537352
78,8,1736704200,75,131,483,206,2,3,3,0,61,0.9028182081400776,0.7890261215631287,0.3209271795079598,0.6810590296514503,0,0.5742744811763433,0.8905778132739662
79,5,1736747820,12,48,218,60,2,0,1,0,73,0.8487327239916674,0.8290518916228181,0.020184418607039456,0.17887335004084526,0,0.14810808062579173,0.0930202570243659
80,5,1736764500,83,178,429,261,4,3,2,0,29,0.42448676748251024,0.13729383687639873,0.6039759467582875,0.644772436432807,0,0.9285946300948413,0.2874185048352005
81,6,1736769660,61,93,367,154,3,2,1,0,42,0.9090002020927456,0.23803135959394628,0.43841757686638805,0.46596694726376187,0,0.7979313135356194,0.8657898463226186
82,10,1736776500,74,132,415,206,3,1,1,1,25,0.12043899381150813,0.2699887373491584,0.7495666625861319,0.8396609294117818,0,0.23381927426107785,0.9394133130222055
83,4,1736777520,33,61,278,94,1,1,3,1,35,0.027986559208900363,0.16608171898209156,0.5245997645086226,0.48499874321746794,0,0.29777826808815355,0.4259250747025686
84,3,1736803080,40,52,283,92,3,1,4,0,75,0.34786682559405435,0.3925350068974207,0.07649043525094679,0.9298039345693829,0,0.3815153279626775,0.1926439818409379
85,5,1736815740,57,101,289,158,2,2,3,1,79,0.565435698827345,0.19303321144961227,0.24468742025477586,0.9004691278855878,0,0.4054176752954365,0.4203294965099348
86,1,1736845380,54,97,307,151,3,3,4,0,27,0.3514426145328662,0.5955393109266095,0.8825237561265296,0.18528757910402283,0,0.8173428586320551,0.456166445424136
87,2,1736871540,60,130,371,190,5,0,3,1,40,0.9420677336713595,0.10161544289761593,0.0376896957150501,0.6861663523518836,0,0.5645333553091904,0.5195693781625502
88,2,1736871960,74,157,369,231,4,2,1,1,48,0.25471022905514507,0.2699191530267564,0.736669669398287,0.21462474912077523,0,0.42794931489172805,0.2743530801829511
89,10,1736890980,23,34,174,57,3,3,2,0,61,0.28121339359267894,0.6655206459463567,0.2919435079514323,0.8233043062304577,0,0.7194446569363528,0.31262740711682246
90,9,1736892540,72,125,436,197,5,1,4,1,14,0.6348276125448551,0.3985451231333492,0.45263980304249707,0.6357231545365691,0,0.45786487634380657,0.655587631346092
91,9,1736893320,55,112,355,167,5,2,1,0,17,0.0038638823417082024,0.4214627418534077,0.5310054319116085,0.29411769428165113,0,0.12824001688479048,0.6217941509966394
92,6,1736905560,51,80,212,131,3,0,1,0,59,0.7275570523545992,0.7979252529583892,0.25008135730720105,0.24912362838350643,0,0.10748918426952836,0.6621025151153346
93,9,1736912100,28,62,166,90,4,3,4,0,11,0.3774694830931572,0.9845115532909865,0.6519604429976628,0.42957765504543,0,0.32595667979517173,0.3772849831975811
94,2,1736929080,64,113,429,177,2,0,1,1,41,0.977747867643296,0.5650677832542129,0.6934422180978762,0.800722971461131,1,0.6028702376151721,0.33645683849989216
95,11,1736964360,11,5,125,16,5,1,4,0,53,0.6914175930297486,0.07906717146360775,0.0850594796707751,0.7961616090394517,0,0.13484132764823442,0.35153867297293895
96,7,1736970300,66,99,285,165,2,1,4,0,58,0.052214955082343084,0.10290297422363592,0.3739270758514206,0.03337622555493547,0,0.5501341706974073,0.9511764854896684
97,12,1736980260,28,79,264,107,2,1,3,0,47,0.09262780874197363,0.9685007220294161,0.7443773012062915,0.3022872154709001,0,0.2696096448087335,0.3952451031443228
98,2,1736980320,55,95,236,150,1,0,3,0,42,0.08816810692415855,0.6792349127484716,0.7216375598411319,0.4228509634697176,0,0.6954134156082917,0.6061323963379256
99,6,1736982780,52,126,443,178,5,2,1,1,66,0.9526222598919437,0.7524691183338194,0.5446033439052391,0.5855820134442432,0,0.02826270117637064,0.5228431871665385
100,9,1736994840,76,126,352,202,2,0,2,1,55,0.6840515412175877,0.6757637576855414,0.7776747798680141,0.14952700881469905,0,0.469023431480573,0.8762218159944921
101,6,1736994960,51,97,382,148,5,3,4,0,37,0.4276060072889357,0.17961760169515328,0.10764489303984326,0.3352830205289248,0,0.0522641490142326,0.36911680077947906
102,6,1737006240,42,123,368,165,1,0,4,0,50,0.20048268988003104,0.448362160824762,0.11821126784453007,0.8855970205679587,1,0.3305077752753205,0.4341444443561705
103,2,1737016920,45,59,309,104,3,1,2,0,57,0.8736397464358032,0.7980804376193656,0.6574893002963448,0.47654751341364954,0,0.015575144286879117,0.8427942887822104
104,5,1737017940,77,100,332,177,3,3,4,0,84,0.20155592767134045,0.8663629629420733,0.6933338678951289,0.7441432260434394,0,0.4690987605779313,0.16095761402990583
105,3,1737046020,64,140,442,204,3,0,4,1,65,0.7066792164758174,0.23733551474637204,0.8145268553210703,0.4847785064963399,0,0.7670158684780116,0.5942945478753
106,4,1737061680,48,69,293,117,1,0,1,0,74,0.763324361545346,0.5959617908338206,0.18103687777325705,0.4649825764004636,0,0.10022003774594457,0.39990820764380397
107,9,1737087540,50,89,329,139,1,2,3,0,37,0.2946560888554083,0.15710190273845337,0.5167716594311051,0.6219255250835041,0,0.7352226919940271,0.9857915589252276
108,8,1737089280,26,35,207,61,2,0,3,1,39,0.5049147371706423,0.9582768731217516,0.6608312971355824,0.25936451218961754,0,0.5841952670923312,0.7213841168006198
109,8,1737104400,61,115,338,176,3,3,3,1,45,0.22298928231839388,0.2522042889924876,0.22369957382901506,0.24980209930624997,0,0.5046052731360201,0.010556262806128203
110,5,1737108900,23,22,259,45,4,1,4,0,47,0.3789296574554981,0.7266351286038967,0.5169278655939907,0.989353854891609,0,0.5994832622802416,0.8394739004466438
111,12,1737141780,68,118,310,186,3,3,4,0,29,0.9651343982800088,0.23111294422685436,0.638445024390596,0.8689920093192223,1,0.33589713172919555,0.7031796561813116
112,2,1737148920,57,111,342,168,2,0,3,1,75,0.6931380346544302,0.6160539428785416,0.21444951147768032,0.7377548964496445,0,0.7103395537682894,0.5609609155826433
113,5,1737159300,97,154,428,251,2,0,2,0,67,0.8466142061905151,0.6592643070226565,0.3755634102501414,0.13714453905553325,0,0.7796658419207723,0.23612847588431707
114,2,1737162780,35,48,236,83,4,3,4,0,43,0.540599571466741,0.3284281034547527,0.216338810135708,0.03022471118476666,0,0.7782238655868774,0.14931665040769027
115,5,1737169680,53,88,274,141,3,3,4,1,62,0.23903974215135615,0.8188338654260512,0.9029429044285987,0.17541250419709298,0,0.2694597893936884,0.628399562858418
116,12,1737184680,87,128,391,215,5,3,3,1,54,0.7128798566671936,0.8853708982474505,0.23679888192999177,0.93773096450752,0,0.6539070096898525,0.4399402728137639
117,5,1737196140,76,128,367,204,3,1,3,1,64,0.5005679607905664,0.855069930253995,0.12083462598579697,0.8162897702489879,0,0.1480957257452764,0.8616203122311297
118,11,1737196260,42,77,194,119,3,1,1,0,23,0.1768488681070587,0.3307982194647173,0.035155311527143684,0.5230760124885764,0,0.49541961359626707,0.2623735702776713
119,6,1737196620,59,98,316,157,1,2,2,0,47,0.41242988961821025,0.744340259012654,0.04495347241135017,0.9687805913683772,0,0.0026292600595175797,0.637519980846249
120,9,1737203220,55,93,250,148,1,1,1,0,48,0.6348402190163059,0.5594907548692242,0.19158623496681693,0.146582102902301,0,0.1935867590083411,0.24884303665901764
121,6,1737219480,60,107,247,167,5,0,3,1,62,0.7353318566822382,0.5926283244920116,0.6082085113069523,0.5591504400060369,0,0.6317341158326056,0.6363170790932884
122,4,1737229560,42,62,250,104,2,1,4,1,37,0.24322079589035173,0.47742508525846183,0.017649874511122654,0.18322212639870983,0,0.8743615052031294,0.04834464221571333
123,10,1737231720,53,109,362,162,3,2,1,0,5,0.8759973393493311,0.6002611479688716,0.28674392475714716,0.3064286048043059,0,0.04902829858602431,0.39170742681438453
124,12,1737249240,26,75,296,101,3,0,4,1,28,0.379551107074678,0.13565415803574998,0.05816689132329933,0.9401350189632256,0,0.5585527921743301,0.17268561586575137
125,4,1737285660,57,93,334,150,1,1,1,0,48,0.2711367178927484,0.4088472331174553,0.40365877029916764,0.8682785165486835,0,0.6367750201050305,0.6059339962234745
126,10,1737290040,63,123,269,186,3,1,1,0,51,0.1951200554537248,0.177671761987946,0.04857673782985761,0.10179878563058609,0,0.9323909811827462,0.3167280531777318
127,4,1737297060,50,85,221,135,2,0,4,1,83,0.8041713344029736,0.28010553097142576,0.607541776620828,0.24954380556093847,0,0.6551437946449565,0.7715326176767493
128,9,1737303420,25,52,322,77,1,0,1,0,61,0.35416457496606246,0.12781453592213377,0.6884242655190153,0.5945074695820506,0,0.10303270247073837,0.11459436043001825
129,10,1737307140,72,160,387,232,3,1,3,0,51,0.48339902788793465,0.21249560522202005,0.7313375496437635,0.06135278734082439,0,0.14674424254448049,0.5562130669192423
130,6,1737311700,61,119,388,180,3,0,4,0,49,0.22281982356387564,0.7819292557877159,0.22434339864625508,0.5500846473514374,0,0.6357641288869977,0.5936778629416548
131,9,1737315540,41,38,161,79,1,1,2,1,72,0.6860910711689315,0.5498364621776702,0.8685001619617433,0.5844914357940106,0,0.21561967676323268,0.022104099720065995
132,4,1737317700,49,97,317,146,3,2,1,0,38,0.7810334075524223,0.023643118512234995,0.6902881673309265,0.2909671813304595,0,0.9283054748772882,0.03598571085049862
133,1,1737318300,27,73,234,100,4,3,2,0,47,0.3394252489533416,0.7885244838021156,0.05665021929982039,0.2931229801251234,0,0.9206872007858861,0.30824017232801837
134,2,1737321900,36,60,268,96,2,0,1,1,28,0.945079385371402,0.9094683959294906,0.4407667087014271,0.2290792687700708,0,0.9486558601572134,0.6090754394119121
135,6,1737345300,45,100,326,145,5,1,3,0,78,0.03061060956023609,0.8804292757826376,0.7677564933724812,0.9356763701960428,0,0.29295260781219334,0.9626299951622065
136,11,1737349440,77,124,345,201,4,0,4,0,57,0.13294310327404035,0.8230168828733218,0.31089392672022975,0.38887114069907747,0,0.7169499079603164,0.09078350998866302
137,2,1737352320,43,47,161,90,4,1,4,1,35,0.5887870315604908,0.9922164428009369,0.3815587739072648,0.5852690631138904,0,0.6630139069348495,0.7031627732108057
138,6,1737369060,66,121,375,187,1,1,4,1,47,0.7014068620483797,0.586401955537933,0.6296038272965429,0.3015745742535145,0,0.03560378133777209,0.6927161221227769
139,9,1737374640,45,45,149,90,4,3,4,1,60,0.250682989509059,0.9625876285149049,0.0554808801158978,0.7026640044149043,0,0.2655650763462797,0.6694742435034768
140,3,1737390060,59,101,343,160,2,1,4,0,44,0.5540710968913485,0.9488442325014275,0.9669350405079173,0.10144127105864253,0,0.2067667296794684,0.5161473415322018
141,9,1737402600,52,119,489,171,4,3,4,1,39,0.3183862470428127,0.3132387305034393,0.17448101060972787,0.07164154309466397,0,0.37080860173833996,0.9668259506101438
142,4,1737415140,70,87,361,157,5,0,3,0,36,0.5540892456215902,0.8634337560558708,0.026671999646260325,0.7442837605818863,0,0.953053716545225,0.5017751384886814
143,10,1737419040,45,55,265,100,2,0,4,0,56,0.6593276777642525,0.7924726655587772,0.005322982040420254,0.7266679583153499,0,0.8456016389583383,0.8382970791992078
144,7,1737428220,26,26,167,52,2,0,2,0,42,0.9728080535690574,0.7757987774010856,0.3995543749993957,0.26500133614066224,0,0.2934245913682769,0.26252060287466383
145,7,1737459540,30,52,127,82,1,1,2,0,40,0.4556968600211837,0.896280771291922,0.8842533654753777,0.35504671272468835,0,0.5300315310993231,0.8063084993068551
146,3,1737474180,45,73,199,118,4,0,4,0,23,0.6482160402713806,0.3841900099203077,0.819762079217929,0.9572605013328223,0,0.1922661215866619,0.9965457339389333
147,6,1737487320,32,85,354,117,4,0,2,0,51,0.5780392479199319,0.4000549658873819,0.912045798249695,0.10433029499531432,0,0.27743399229593824,0.91008598777376
148,11,1737493800,62,130,340,192,3,0,2,0,46,0.31755489388757296,0.6400523092036364,0.533782319328899,0.183147066546671,0,0.06500324901488452,0.3040717187519454
149,1,1737506400,46,92,269,138,1,3,1,0,43,0.25306413169772035,0.7378045378143421,0.4487462338751643,0.4300383649732332,0,0.6426065009168366,0.8461574758483994
150,10,1737514260,97,177,465,274,2,3,2,1,53,0.9878707217447237,0.8797371026576145,0.3858609761067945,0.2820989060555251,0,0.6569207744963289,0.0952571230287198
151,6,1737516180,23,49,164,72,3,0,3,1,64,0.20685236170151533,0.8758453206592819,0.04641807579130586,0.6490085486322071,0,0.8385016208034435,0.6777075596130526
152,9,1737519960,58,87,232,145,5,3,4,0,64,0.7902752670742368,0.7213396243862599,0.9095212563051536,0.6906017229466844,0,0.8715518134272541,0.34214623298668656
153,8,1737521760,34,78,273,112,1,0,1,1,61,0.14658739102076102,0.9568927778215227,0.4961760922847275,0.5263880838900952,0,0.1600593991937228,0.658670089595598
154,6,1737533520,46,60,195,106,2,1,3,1,45,0.8043512693612508,0.17862861894624227,0.45506743105151015,0.6111973014027698,0,0.7430409461629872,0.41224900757946537
155,4,1737534600,57,119,320,176,4,1,4,1,38,0.18572844298954805,0.9503398471800862,0.5151674870141173,0.43342083202034487,0,0.13470763282733234,0.00903314982532244
156,8,1737535560,13,47,174,60,2,1,4,0,29,0.967156644016167,0.06419148203362157,0.7941545181142005,0.760387253725166,0,0.3737150117458109,0.231276554047951
157,2,1737537840,59,110,366,169,5,3,4,0,38,0.6859876565745173,0.5556218811919182,0.22447108598256393,0.04209849784626973,0,0.5155365715592212,0.042386232858316
158,8,1737542940,89,156,420,245,5,2,1,0,50,0.09011824367582888,0.09019695700812225,0.7099006789949233,0.31289133665588087,0,0.04946991408707602,0.4272699227998513
159,2,1737544800,46,90,291,136,2,2,2,0,34,0.6931771194590108,0.5680009751981364,0.7107697408540329,0.684430041394894,0,0.15676371154545432,0.8400712867281831
160,8,1737558960,59,48,245,107,4,2,4,0,51,0.6036207627815519,0.39010971245571946,0.8495527822581829,0.3296451078753825,0,0.27111609999003816,0.7379967589750783
161,8,1737567300,73,137,386,210,4,2,4,1,30,0.3375462466939585,0.08160943150238686,0.008683598463870013,0.07853528044294944,0,0.12754232963418932,0.7889121862440657
162,2,1737622500,52,91,288,143,4,0,3,0,16,0.26073599775671463,0.6481168050241883,0.17039554323513206,0.3450134284667753,0,0.9340962722063331,0.8071996488047292
163,10,1737659340,44,78,299,122,1,1,4,1,66,0.7187607817481522,0.7311979996228418,0.4710468520447555,0.7114947717886633,0,0.2883191880871163,0.3719397880434755
164,5,1737667080,14,39,231,53,1,0,3,1,40,0.7413613729498658,0.1741854136199813,0.8505403874614784,0.12198486525331775,0,0.5011716645089137,0.5060257294933985
165,10,1737673920,66,117,346,183,2,2,1,0,33,0.32720584895253657,0.6944367193087689,0.965116861627984,0.7246313642116545,1,0.9965342379256862,0.5084511700854011
166,1,1737675180,52,70,264,122,1,1,4,1,28,0.8762271108395037,0.1790475491477329,0.5948686146794013,0.7754557163575756,0,0.5666426769312439,0.11320851693607237
167,3,1737692940,36,61,202,97,2,2,1,0,58,0.26882721888849126,0.1373964493152765,0.21213397542302015,0.6353007444226989,0,0.4114957749920847,0.5981421221282742
168,6,1737730980,57,103,282,160,4,2,2,1,77,0.06986442597481102,0.14736326652474574,0.18458469582464565,0.24423404855814423,0,0.9297924059242851,0.7201797790003355
169,3,1737738060,44,81,320,125,3,1,1,1,41,0.5998678448275786,0.5990784689543349,0.6394439539862674,0.8052953571950614,0,0.22249775536660854,0.6109678191132942
170,4,1737755100,45,84,310,129,2,0,3,1,45,0.10707057283161614,0.7787908081266032,0.2100691470594046,0.21444250177846536,0,0.17950074083870793,0.7459659347095227
171,8,1737755280,65,137,416,202,1,3,1,0,71,0.27666406426648527,0.5968937014738136,0.5530874239208862,0.9058209521713505,0,0.5353643690407835,0.11889126812485673
172,2,1737835020,30,32,198,62,2,1,3,0,13,0.5071863930484379,0.8093514530182451,0.8348119291439021,0.7066456991420821,0,0.42730173783139014,0.7614089463341772
173,9,1737836160,73,134,390,207,3,0,4,0,89,0.2863596223572976,0.5914773410703692,0.38981964846209005,0.05471992664705971,0,0.796986077315465,0.20814010336847644
174,2,1737852480,29,77,308,106,4,1,4,0,98,0.2149963424200444,0.7973212473484868,0.3784721897419292,0.799287118661663,0,0.04201004130436725,0.8768268228395328
175,3,1737853020,43,42,250,85,2,3,2,0,5,0.7031854149056544,0.9765225011333006,0.036140336891073765,0.5064335403599074,0,0.6177258244112199,0.24493131235079557
176,8,1737856680,89,163,491,252,2,1,4,1,48,0.5469993414022956,0.3909598079682246,0.2540845784245549,0.4526488963130514,0,0.7106791428978765,0.4919923836904402
177,10,1737861000,75,123,360,198,3,3,2,0,35,0.8397612482502805,0.1499421769268947,0.6981914596192744,0.4205111926984868,0,0.9719167608239669,0.48726629665663423
178,3,1737872400,56,93,375,149,1,1,3,0,44,0.5812395946554776,0.13539681170495765,0.36039124513219645,0.6066300664409169,0,0.14576320023983547,0.2688503203920135
179,4,1737873060,38,50,231,88,2,3,3,1,41,0.48344721177377836,0.597477596656598,0.15829891728992196,0.7245785007829613,0,0.24624321870946764,0.36170958441959444
180,12,1737877860,45,77,305,122,1,2,1,0,66,0.2612563516107882,0.547103065855342,0.10576773376032711,0.8959766157245607,0,0.9324432315692422,0.18559674907559198
181,12,1737880440,56,137,408,193,3,0,1,0,47,0.7920658750912973,0.18423537854203076,0.09505337815070891,0.2729448129472253,0,0.6306288454833006,0.5701006974585494
182,7,1737881700,55,73,278,128,3,2,1,1,31,0.19687100856436723,0.8821049626676735,0.6591334331178952,0.6307762729104237,0,0.038049032735511634,0.9130280253334802
183,6,1737899880,53,72,227,125,3,1,4,1,46,0.24222841097316028,0.9567483684541884,0.6126214787935487,0.6863426114681299,0,0.07734400225577898,0.3166075723616504
184,5,1737905040,54,71,297,125,4,0,4,1,60,0.84158859675307,0.2532156431033017,0.5185210056020849,0.6747971397868926,0,0.7854405606276683,0.5080626097714577
185,8,1737906060,51,126,514,177,2,2,2,0,26,0.7411925257292111,0.20688293090106702,0.5003264481591394,0.4930006477829699,0,0.5674744984564157,0.8618806119086495
186,8,1737912240,29,42,185,71,5,0,4,1,17,0.6128734889795205,0.21392185230754723,0.15313685268787158,0.3910225482037011,0,0.5654154816188739,0.4524990469454725
187,4,1737914340,45,80,283,125,5,2,1,0,89,0.038920530786573426,0.38742152969135946,0.5006042247600873,0.7623788170670917,0,0.8798656433112854,0.8312603284579195
188,1,1737914400,71,119,335,190,1,3,4,0,37,0.12725761828472648,0.8532271752989463,0.05993777660037991,0.30000980404080135,0,0.24109791937122826,0.4463906651698697
189,2,1737915540,30,35,165,65,5,0,1,0,47,0.49995746018760967,0.5959606099411179,0.9258584586026879,0.20805316239824312,0,0.16043098182201998,0.4402424667108733
190,12,1737928440,51,87,371,138,1,1,1,1,42,0.746338923482891,0.06755343173266992,0.05802755400260684,0.5458291937601238,0,0.6138059476220805,0.157239962179342
191,6,1737928500,40,121,328,161,2,2,4,0,60,0.4641008641918233,0.4729790851720672,0.4235301948939185,0.26761085766217696,0,0.8824230976538834,0.12497882442661401
192,6,1737933600,57,130,356,187,3,0,2,0,85,0.017293024414783087,0.09033168302809258,0.000571056403172232,0.033233162764539026,0,0.26525064466761816,0.6114967442944877
193,6,1737941160,48,69,178,117,1,1,2,0,61,0.1842699986668217,0.4062141140084401,0.7861504387832445,0.05157574338230542,0,0.681294364791352,0.8273335246787206
194,10,1737944340,81,158,398,239,2,1,4,0,19,0.5887666996202181,0.403520142303317,0.16617018853563004,0.6950105263868747,0,0.15237903185827417,0.13540648685019363
195,1,1737952980,64,98,230,162,1,0,2,0,22,0.6942170596879913,0.6483526657096457,0.9249160178216781,0.9731458459920731,0,0.17190869582914892,0.9100939461069877
196,1,1737972660,31,20,191,51,3,3,4,0,42,0.033428312711904384,0.549453966963101,0.04397774786056452,0.454688383626075,0,0.9015100578627374,0.35887980186433643
197,4,1737979380,67,140,539,207,5,1,1,0,44,0.04333175346050033,0.874754782339086,0.8207873345644269,0.14706112558473416,0,0.11796499490637535,0.4252572065208218
198,6,1737985680,41,97,295,138,5,3,1,1,15,0.26131011545636296,0.016275182665472343,0.6566378128155882,0.8180832105293531,0,0.024345536655194677,0.8944534020181291
199,9,1737987300,44,100,236,144,2,2,2,1,66,0.08350169538656493,0.7739988220946491,0.24973571888589052,0.26143589697371983,1,0.7749404481107842,0.8962964503214064
200,6,1737994080,60,98,360,158,3,3,3,1,28,0.5419462321933647,0.022658340955841738,0.20241960923059488,0.9956264616038806,0,0.36250954852518036,0.524858876911572
201,6,1738019100,46,79,241,125,3,3,1,1,79,0.12370198195668047,0.304289828476366,0.35767793337702236,0.5632641658270601,0,0.39665855220213087,0.2767649444533409
202,12,1738025340,71,142,468,213,3,2,1,1,86,0.6482193349014225,0.8796631381795634,0.8284028831753549,0.23263254856010063,0,0.7998575449081955,0.17193947233817586
203,2,1738033200,41,81,267,122,4,1,3,1,45,0.777225319307587,0.6904141716771217,0.8619565483354555,0.4960047695243439,0,0.17993579157734818,0.27158004743054653
204,7,1738064220,43,69,226,112,5,1,2,0,58,0.9705166637521067,0.1719966783661433,0.17528537952432577,0.3353812718296486,0,0.6503269415210357,0.7806273976251249
205,7,1738068480,43,45,201,88,3,3,2,1,25,0.9484069616377143,0.49078454411194294,0.3534480396843307,0.7794719846269478,0,0.3135283288376345,0.32459080221364955
206,6,1738068960,44,81,319,125,1,1,1,0,62,0.2733651502352782,0.7219041809779858,0.23749138390225388,0.10581588580805579,0,0.10426846064684414,0.6945614610330086
207,10,1738091640,74,154,416,228,5,2,1,1,40,0.029409602623172826,0.9373433213395294,0.1226428476378979,0.8570027170325483,0,0.6874960489700879,0.19520082227959712
208,4,1738099080,66,94,283,160,5,0,1,0,28,0.32941221611176796,0.6343211992182037,0.646449387528928,0.7673368942641347,0,0.3186641345509361,0.4785036326888996
209,12,1738100580,85,165,440,250,2,3,3,0,44,0.7084801187126533,0.024675411432927286,0.3458710232355353,0.8613638039014875,0,0.8666041042800707,0.3521062160588222
210,4,1738101480,95,177,410,272,3,2,1,1,40,0.05980120927253929,0.49970185969628356,0.2253840447763341,0.8949937460416648,0,0.9190356502319008,0.5036123233202306
211,7,1738108680,36,79,297,115,5,1,1,0,43,0.3597126576714287,0.15296163917082772,0.8659977735019763,0.22977782294308124,0,0.8490517619209528,0.5699452909201765
212,7,1738125600,56,118,266,174,3,2,4,0,68,0.29803454754690695,0.04777955047492133,0.7483179309035665,0.5210058072286208,0,0.3223517474354619,0.9909349646344452
213,11,1738125900,33,45,187,78,3,1,2,1,34,0.2193456358189767,0.5985106346815843,0.7737611486963425,0.8499222201663773,0,0.23658262435965616,0.8998950471892022
214,6,1738126680,41,41,239,82,5,0,3,0,84,0.7061307547303153,0.7769219025104245,0.03919589118328015,0.3773879721161115,0,0.8928006424077998,0.6958664775241907
215,4,1738127880,43,66,267,109,5,3,2,0,23,0.6590970050243741,0.0360605554964043,0.9151304492310662,0.06040757679563247,1,0.45294698387646126,0.1537434705304187
216,1,1738129680,35,80,309,115,3,3,4,1,82,0.5354940940343433,0.7835892709655194,0.5747383779742352,0.29163435653851655,0,0.7077397235580157,0.9190285563392183
217,5,1738140420,36,53,222,89,1,3,4,1,29,0.9107746396815976,0.7063878798115087,0.5038028046845188,0.24192031147481086,0,0.8271642014106343,0.8925860707079997
218,10,1738141020,52,79,336,131,3,1,2,0,49,0.10313885273027246,0.7519868881683613,0.010585346027781162,0.8700626186891045,0,0.2776866548678225,0.8867034300742388
219,1,1738161600,33,22,210,55,4,1,3,0,40,0.14968922447813082,0.24472837271570047,0.8976622104341047,0.46384634940914826,0,0.11909742793479017,0.4790168643530559
220,11,1738188780,70,161,464,231,2,0,2,1,43,0.3834496792194131,0.3935954554934291,0.5438904704860006,0.6835442374463132,0,0.6248275633432858,0.17070671106105684
221,7,1738242720,38,84,334,122,3,2,4,0,66,0.6558820518629006,0.11975082720721897,0.8251534623405353,0.9621191496915854,0,0.5901922557632251,0.7544032149689216
222,2,1738242780,105,204,565,309,4,1,2,0,79,0.5840792922454121,0.2388909502344665,0.6555109607382937,0.29918785238520373,0,0.2702000726585758,0.3885150389904235
223,4,1738245060,46,102,302,148,1,3,4,0,73,0.07404268746793197,0.3027896714774301,0.7966936135108804,0.7611995575273958,0,0.5847067213853422,0.34456828969223496
224,7,1738252980,56,112,276,168,3,3,3,1,41,0.9584248037464674,0.31943663953678614,0.6929317485578024,0.022764121518721425,0,0.7903572544783429,0.39078201255927736
225,4,1738253700,31,50,241,81,4,0,3,0,53,0.3050648164613915,0.1750398880968118,0.9209639023358267,0.10411617531152817,0,0.3500109823441274,0.5590705574658124
226,2,1738298100,85,149,445,234,2,3,2,0,34,0.35897261378309386,0.18871179807114336,0.2254841863395497,0.1618650900032781,0,0.2423177189255722,0.333518830744159
227,8,1738334340,75,126,426,201,3,0,4,0,30,0.6236297990434235,0.9014703997921601,0.20210010473290718,0.3124183368725084,0,0.7250012136095562,0.6899206109981184
228,9,1738341720,60,160,393,220,4,1,3,0,27,0.9451655174597346,0.7838936148156058,0.712541561945122,0.4029872151293784,0,0.7858720166817947,0.6477237957436626
229,2,1738363260,30,65,204,95,1,1,4,1,41,0.662688239103272,0.34447770349143736,0.501394800583469,0.47701589073225437,0,0.9542894378689203,0.5088626138269003
230,4,1738385580,58,95,332,153,4,3,4,0,54,0.9547733295477041,0.9476435394809607,0.59916117033487,0.24533134628339748,0,0.14758582291747113,0.05397323168549528
231,3,1738393680,34,70,256,104,2,2,1,0,11,0.18759111882047896,0.2389227127923239,0.708542469191227,0.06621531961013594,0,0.8892641018881947,0.9365426823711723
232,8,1738398900,81,125,275,206,2,3,4,0,49,0.618809928972935,0.4068204534500507,0.5474281970000026,0.6775230918402433,0,0.7650988111899024,0.4116962831203902
233,9,1738420560,69,154,446,223,4,2,4,1,80,0.8288788918762848,0.8135253114345706,0.7876934476661962,0.023661353534264462,0,0.7018999079308879,0.44945319428588726
234,9,1738426980,56,87,201,143,1,3,1,1,72,0.5090244682548472,0.44288637020362664,0.31886735593585247,0.8094706348587248,0,0.31305362919037816,0.45603251224316566
235,12,1738453740,11,29,130,40,1,3,4,1,38,0.36217367582934046,0.23462532290814597,0.8589904435996921,0.9291548251512014,0,0.02219295118815412,0.3650279582384691
236,10,1738464600,37,87,361,124,3,3,3,0,22,0.9847585300318772,0.36853546762148837,0.10767635292560074,0.7103689136596344,0,0.5075504941194423,0.6745879106180097
237,4,1738471980,67,128,467,195,5,1,2,0,59,0.1409873403966605,0.5007210723746816,0.6340039769611868,0.5959605172748319,0,0.2857693764857162,0.013917695823849274
238,2,1738477380,76,138,335,214,1,1,1,0,5,0.41092952752865664,0.6206443836603374,0.8901325075267976,0.6570185293286328,0,0.2898210189266912,0.8735083293106788
239,8,1738481040,74,133,369,207,4,3,2,0,72,0.8733737525606602,0.4056064995815233,0.25269412790170465,0.6522220466175943,0,0.9271385771926535,0.10243902526956028
240,11,1738483380,26,45,212,71,1,3,1,1,45,0.9004807465059209,0.43130433111997424,0.32683467492391294,0.9317051360665005,0,0.15296889205320918,0.9997136751048175
241,12,1738483440,60,96,401,156,3,3,3,1,86,0.9803821015597741,0.2639436128014252,0.3054417784927389,0.9643058711939674,0,0.9342323795905538,0.628082629176721
242,3,1738486740,73,122,339,195,3,2,3,0,15,0.8848475922643815,0.5353472984174117,0.5642637117750338,0.42671164190822175,0,0.50380671001074,0.06624647410468398
243,3,1738486920,25,74,244,99,3,3,3,1,68,0.050957025387412536,0.21945623376954637,0.4128718155651485,0.6170791761484181,0,0.8382792760609368,0.562437059426841
244,1,1738489620,54,95,387,149,1,2,3,1,47,0.9297664996274883,0.8675262181080758,0.10795928499490237,0.8028070537341723,0,0.2835875714419104,0.3313077924656147
245,2,1738525320,59,90,281,149,4,2,2,0,43,0.4281671914067853,0.7473670702663014,0.89128722175646,0.0010381571721375105,0,0.6339206640847351,0.9530432231262337
246,7,1738552020,49,77,310,126,2,0,3,1,22,0.651619187456582,0.4102789884141841,0.20467662915867413,0.5270159168277156,0,0.5565883957234168,0.7554710047818848
247,7,1738577940,21,59,164,80,4,2,4,0,61,0.3942758691671191,0.7472278470328477,0.5340800109885296,0.6528763398176977,0,0.9241660894178338,0.5070146686484364
248,5,1738582260,49,101,313,150,4,2,1,0,63,0.8136680766135487,0.006995941809373019,0.5948048959372615,0.7172054497375816,0,0.17929842684242103,0.4297773995074745
249,4,1738614480,49,99,235,148,3,3,2,0,85,0.5759192763227661,0.34448922264239656,0.0407518436475417,0.36878940939628113,0,0.20456988974247958,0.9958688657895364
250,10,1738626840,52,88,243,140,2,3,4,1,70,0.8455446425540043,0.44030114814678856,0.09571232765433724,0.29564442061159224,0,0.9489643994535446,0.6673840849607608
251,6,1738627320,44,90,341,134,4,1,4,1,38,0.19377147152076724,0.4697985075456973,0.9716897104295517,0.1821425665679085,0,0.09796462078610502,0.5139297423912409
252,10,1738630140,47,71,259,118,5,1,4,0,29,0.18498309475490227,0.7487314777103389,0.6645123401493824,0.5578155490526845,0,0.6346824690439964,0.39794411742029534
253,12,1738641780,54,92,288,146,5,3,1,1,22,0.440376801584787,0.9628074275617138,0.03356517704642692,0.9193034322521215,0,0.060564113215253124,0.3245828574405618
254,4,1738643640,62,130,342,192,5,3,2,0,79,0.004751544962480536,0.37999713044280303,0.7941992206529987,0.8959781507240482,0,0.07699080812060333,0.7054194238016294
255,3,1738644900,49,105,318,154,2,0,1,0,34,0.6928529548962581,0.3505998495278747,0.5085428092774855,0.3599659271576924,0,0.5971487429017218,0.5878855149060273
256,12,1738660320,47,64,263,111,3,1,4,0,79,0.296053727808011,0.6105152265803961,0.07519957207847561,0.25785513993820264,0,0.5513679621540587,0.8481848353039325
257,8,1738660380,56,83,335,139,2,3,3,1,60,0.5572993462144499,0.2812536141915789,0.6807520980477912,0.788793822670777,0,0.5730261987535927,0.5535607233033744
258,4,1738660740,20,38,64,58,5,0,1,1,56,0.07000356046084688,0.14135033381518924,0.4993518058684685,0.7249800182441882,0,0.4736520965499429,0.5823313901318106
259,8,1738681800,63,147,372,210,5,3,1,0,43,0.17064435938269396,0.9615408704921987,0.20491980111092323,0.5053398311374923,0,0.7423593405816048,0.47735649484318043
260,7,1738685520,54,58,243,112,5,0,3,1,63,0.6228591700219328,0.8095299568090221,0.8777022720888196,0.3890302595388575,0,0.9921885363648986,0.7626209462910666
261,11,1738714560,55,104,323,159,1,0,4,1,49,0.3056626271110431,0.9584995530241278,0.29137985830025415,0.12379790374517496,0,0.2757812463903556,0.41499217609851824
262,4,1738731120,72,102,344,174,2,3,4,1,42,0.2147219425856337,0.21783287868391665,0.2845566354533078,0.7851385890922365,0,0.32343966731494844,0.8519396047299149
263,12,1738743480,19,21,175,40,4,2,4,0,63,0.22884650080776792,0.017809214969670584,0.27277358179227873,0.6174644435816974,0,0.3230495423432147,0.32704476115479997
264,12,1738748100,19,26,156,45,4,2,4,1,47,0.21481936472549545,0.4372615757381064,0.7674557770890512,0.3768816797380167,0,0.7632689463058524,0.6926250463809654
265,3,1738749960,59,97,287,156,2,3,4,0,34,0.6228509494305482,0.9336089629915812,0.7061186703805321,0.9187879760667995,0,0.34801550112372814,0.8929708990996522
266,2,1738750740,54,86,279,140,1,1,4,0,61,0.16769121446945712,0.1383253388717589,0.9031456854703575,0.6596727064118622,0,0.6767370675826506,0.7690738636961211
267,7,1738766220,58,104,385,162,1,2,4,0,48,0.36270635917989036,0.11718552283459838,0.22933921958427972,0.9292388668437462,0,0.44588755701192884,0.3426081425159513
268,1,1738767300,46,72,227,118,4,2,2,1,59,0.6878868655934522,0.06895278424584206,0.7863645955428084,0.4744124603396439,0,0.6078046670230125,0.7063390029507729
269,4,1738769460,66,89,294,155,3,2,4,1,40,0.5136710573476506,0.7650179989319748,0.573045576528096,0.4546178240639299,0,0.8290153728048992,0.20698481460997364
270,6,1738777740,71,143,415,214,3,1,4,1,25,0.5972808707754839,0.7859265338335389,0.30867960965266783,0.9372392903140796,0,0.5140586875542057,0.058165079451809376
271,12,1738778160,63,128,454,191,5,2,1,1,84,0.2509069794637485,0.695376055663464,0.03545413240775064,0.9597914282435333,0,0.47517320084670556,0.7913817396448508
272,12,1738789800,50,106,316,156,1,1,3,1,80,0.9327148731652056,0.05329184512233609,0.8189475498511101,0.9607673188788862,0,0.266974583605303,0.8080091152316655
273,2,1738790520,17,5,177,22,4,2,2,1,67,0.4138792483163356,0.7232883358152038,0.24107137151335634,0.8188973939074429,0,0.5159045818197838,0.0229309389155975
274,11,1738792680,68,128,437,196,2,3,1,1,42,0.28696393661233455,0.4486288084616872,0.6317430362149195,0.4624061448243386,0,0.2624122729096039,0.9477950138699737
275,2,1738793520,76,150,416,226,5,1,1,1,43,0.9043261840584723,0.15789442193660497,0.5488679360598125,0.2102992942690588,0,0.8435702057179587,0.44589982690516916
276,9,1738818720,66,98,305,164,5,2,1,1,77,0.655289615264387,0.2951260104846021,0.004449538646783879,0.38344088127782827,0,0.38886402686158383,0.9052721474353892
277,11,1738857420,39,70,243,109,3,3,4,1,42,0.6139458631384505,0.5011468399329609,0.9943436299397624,0.9382974915177886,0,0.12910763183495388,0.7881745256449069
278,11,1738871580,67,118,343,185,2,3,4,0,37,0.8867346521661681,0.32965147226968106,0.8143293558001288,0.3635542950802999,0,0.23996752792636,0.9006535278087123
279,3,1738884240,70,162,486,232,2,3,1,0,87,0.05854028627138441,0.9697492267415924,0.48647127063668205,0.7567174268235375,0,0.5345814674672562,0.8333756331170686
280,11,1738887360,83,187,505,270,1,2,3,1,49,0.8376795120075803,0.4747417417071993,0.6803413702423831,0.9230043510911079,0,0.9162875158297524,0.9739953695868242
281,2,1738899540,39,36,203,75,5,1,3,0,85,0.6778643643051009,0.37215051025214363,0.4765942365907726,0.9703921628814296,0,0.30056149857477965,0.6291010012757868
282,7,1738912260,50,139,341,189,1,3,3,1,22,0.35999279478012935,0.6731654289680367,0.7445862712787308,0.9476741468753561,0,0.2643862040993116,0.2272588470525021
283,6,1738927680,68,104,279,172,3,2,3,1,60,0.2563513425238556,0.6505450568559148,0.13432854581889409,0.5550575977222759,0,0.40655983481013536,0.38956313073298754
284,4,1738944960,56,120,467,176,3,0,4,1,91,0.10480589988155764,0.002439280405267419,0.4463509952340303,0.49188007465087036,0,0.9677544782921464,0.7518792486190812
285,1,1738962840,34,80,271,114,4,1,3,1,50,0.94107417024669,0.618473698300743,0.33553717707286,0.9876405087679863,0,0.8452196744613539,0.15696927880306155
286,10,1738963020,62,91,263,153,5,1,3,0,44,0.1419121033295362,0.2437689747690337,0.45965524349403486,0.21817920458030682,0,0.14966795107469155,0.9298423361790197
287,5,1738975680,65,126,443,191,3,3,3,0,26,0.25943853573088427,0.3752336415879216,0.4504726528603642,0.1875302616847626,0,0.6137532871002641,0.20527891362893147
288,8,1738986240,56,98,330,154,4,0,2,1,71,0.6911071795694699,0.7063488907348443,0.14309394977919432,0.9631822977458351,0,0.7918642033440346,0.8759747381796104
289,5,1739008500,58,115,378,173,3,2,4,1,34,0.7101524378859926,0.5573862210106958,0.9764885707090291,0.6891948218241696,0,0.7680103413702376,0.4837239448385878
290,5,1739009820,50,94,301,144,3,2,2,0,48,0.16076870460259396,0.3686551441550969,0.01549214278812805,0.5363040097981578,0,0.4888454917546158,0.8406201483713408
291,11,1739021940,81,169,442,250,1,0,4,1,25,0.8141311607656276,0.16741035183712405,0.010072944817398843,0.1320497928413057,0,0.7318313856740422,0.958295697477779
292,2,1739028840,38,69,249,107,2,2,3,0,81,0.5102872691763625,0.5054821872477532,0.3734413185336578,0.5132402490163293,0,0.5835866105929837,0.4221474520757248
293,9,1739035920,44,75,200,119,3,3,3,1,73,0.8484566781151089,0.3193660235072032,0.6203763493468175,0.944221153521555,0,0.2014449828522027,0.6966045409179036
294,9,1739037660,55,120,355,175,1,2,4,1,49,0.08728538984754453,0.9129278084080751,0.17965322681492824,0.6028913233486717,0,0.05605364063650864,0.22671760340935176
295,5,1739053200,70,137,408,207,2,2,3,1,26,0.042829999093689675,0.5343466402890507,0.533194003904161,0.4046286224395348,0,0.3694996800503372,0.8007857166785385
296,4,1739060820,28,65,342,93,3,1,3,0,80,0.6369903814943497,0.8659639941704125,0.7227719679634789,0.5511030014651284,0,0.06193900194753987,0.8199256492831074
297,1,1739061960,31,42,208,73,3,0,3,0,42,0.15002379710981684,0.3901810284835113,0.09406060904015112,0.8861450870177845,0,0.3950134039208921,0.29524570403279604
298,12,1739142600,18,11,25,29,5,0,3,1,27,0.5249490457332999,0.8274371637879605,0.9844224080159334,0.9128486611353276,0,0.8288790015707599,0.024140762470689858
299,12,1739152680,55,87,289,142,5,1,2,1,14,0.01410875928450872,0.05653690217207863,0.3367006477392943,0.4000881656528953,0,0.8442941484035814,0.4312052517798246
300,3,1739158200,34,48,352,82,4,2,3,0,37,0.7799292605482002,0.29811902556801495,0.642415413787249,0.608061002434322,0,0.034073921340017854,0.170000534245212
301,1,1739193360,48,102,367,150,1,0,4,0,20,0.8995301701785016,0.07817593304469939,0.1107198581865757,0.27920261268283075,0,0.06953546750949413,0.818551080268873
302,2,1739213460,66,138,355,204,3,3,3,1,37,0.838882761964288,0.03165018071487391,0.7094863887213264,0.4510852961584765,0,0.6698670875912447,0.2610972780171562
303,1,1739230140,43,74,297,117,4,2,4,0,64,0.9583528131504183,0.9188622453231189,0.840456347062486,0.2198826367831429,0,0.49999869494219984,0.9436927925465272
304,10,1739230860,59,134,350,193,3,1,4,1,42,0.9030957546587897,0.7168687443996798,0.10528514233062236,0.5314722618655752,0,0.14935839273039087,0.9718089610768892
305,11,1739242980,49,115,282,164,3,3,2,0,57,0.44401801829036525,0.6251100644684706,0.12586315437006623,0.578240134964662,0,0.8055296177320932,0.9088359240704614
306,2,1739266560,67,125,352,192,3,0,1,0,35,0.3983482084436466,0.532492809411833,0.2810474143872277,0.33783673613077314,0,0.2164961627064219,0.5996144777061743
307,9,1739273940,63,96,316,159,3,3,2,0,51,0.896183667971543,0.569554036216842,0.011935815375329284,0.27211830063864817,0,0.07814925469571077,0.26742800398591593
308,3,1739289660,42,107,240,149,3,1,4,1,88,0.926938795357227,0.6386903813864535,0.9860512943372298,0.15102560663145193,0,0.7495071381000086,0.8072584148330358
309,5,1739293140,51,90,242,141,1,1,4,1,43,0.972835948318037,0.8265797947401032,0.5983840749526497,0.13954366620615977,0,0.608125974631964,0.7015953812080143
310,8,1739294700,73,133,386,206,3,1,3,0,57,0.7683172348427827,0.5968885557955282,0.6075894499635455,0.7114611157141176,0,0.3944427387313236,0.9771683470502623
311,9,1739318040,62,104,307,166,2,3,4,0,18,0.20198882994138034,0.7485807631108824,0.958962169651636,0.22163800357270336,0,0.6927262037835346,0.3772520073162384
312,11,1739323920,29,34,207,63,4,1,1,1,80,0.9449541361107224,0.2809780518297349,0.8320292543194271,0.1179770211065605,0,0.9113806886912028,0.05876799916772013
313,1,1739331600,66,89,237,155,5,3,3,0,40,0.9471414668162196,0.9767617378164721,0.8142429309683494,0.9988716897642888,0,0.034182442766647725,0.9983863288389463
314,3,1739335440,35,75,305,110,3,1,3,1,71,0.6661313639129715,0.03189720843702892,0.33950236990162563,0.259916501889057,0,0.6276794376753354,0.8382636394388755
315,4,1739342880,80,128,316,208,2,1,3,1,47,0.8572802663494847,0.38657659527731547,0.33486339346464544,0.8960483154281321,0,0.2181672970155598,0.2214896882985491
316,4,1739346600,73,192,586,265,5,2,3,0,62,0.5611764211639523,0.8820495515037039,0.29173795981264683,0.6091859537519174,0,0.47413775994138385,0.7256278658996539
317,12,1739347200,60,86,206,146,4,2,2,0,63,0.9441269454117227,0.18052296268619017,0.3466957617763199,0.715070166806815,0,0.4239811288833696,0.0006901750647781979
318,10,1739368680,57,77,219,134,3,1,3,1,40,0.09393639659209119,0.14133809293365796,0.36950876135985056,0.5609189114996354,0,0.38997966783452975,0.5578090578835805
319,4,1739370660,51,102,344,153,1,0,3,0,71,0.8639636964847707,0.3654307668999135,0.14000368898059334,0.1808111950599689,0,0.19035610024746197,0.3628382410016284
320,12,1739374800,67,151,505,218,1,1,4,1,34,0.055503629037139346,0.4281947005168275,0.35594786270209355,0.8470515714526026,0,0.8026499364449822,0.3813330412376269
321,6,1739395740,48,87,309,135,2,2,1,0,65,0.3391070522180205,0.9333940606617277,0.4467470352447276,0.8279727664867842,0,0.37952058492770024,0.2445198061720758
322,7,1739407560,59,117,382,176,2,0,2,1,42,0.13532564261526192,0.836119534708821,0.30934733874665854,0.34968546535026745,0,0.8871962609364799,0.2748452156333441
323,6,1739416920,70,89,298,159,4,0,2,0,56,0.4791350924629122,0.46408963769051415,0.1653469681575478,0.7638506964114639,0,0.35466827294649084,0.4546686638561511
324,2,1739440380,44,65,198,109,3,3,1,1,40,0.23224615799246995,0.972975100881603,0.37341039817849764,0.5430402583444278,0,0.8397133446791534,0.24814503547777556
325,12,1739442300,43,55,205,98,5,0,2,1,50,0.9520723793339971,0.6422784041590643,0.48090777321643585,0.9090491405600647,0,0.5444663315246878,0.4664399468694379
326,1,1739449500,33,21,101,54,3,1,2,0,28,0.5593213336534095,0.8736587319818913,0.7207283866671284,0.8028243713039679,0,0.38562523485979217,0.5773477205704556
327,3,1739456280,35,65,186,100,5,3,2,1,54,0.8977307363037248,0.24605698048682545,0.7112377614746703,0.04099576980203079,0,0.704032214597996,0.7111114228525101
328,3,1739493960,22,5,150,27,3,1,2,1,50,0.27805846905115095,0.4889640742999828,0.2026950310833242,0.8792759721912583,0,0.7866546246034223,0.677145650682818
329,4,1739512560,68,95,253,163,2,1,3,1,39,0.025977559946560813,0.029717213356433292,0.036655395168237126,0.9685664179784899,0,0.4826907902744818,0.24198927310452334
330,2,1739514900,87,145,425,232,4,0,3,0,48,0.7756550036839217,0.008880193266448844,0.30379952180706926,0.7421562026251037,0,0.4254204283835368,0.0391895904281131
331,1,1739516700,80,127,308,207,3,3,2,0,52,0.7023776599719719,0.7054532209394645,0.1571363048589508,0.11991353084706802,0,0.5774189703723221,0.8326818660931307
332,9,1739521680,25,52,238,77,2,2,4,0,37,0.5454916456741936,0.11829362246560071,0.39578847921569404,0.8073758898371202,0,0.5851633785057182,0.8723128429645932
333,12,1739524020,68,128,351,196,3,3,2,1,47,0.8153427297292126,0.5478082371108176,0.9793461191526043,0.6474890426235859,0,0.4254792158546874,0.9788895197332715
334,2,1739529060,80,161,512,241,4,3,3,1,29,0.8400843726481325,0.69600748221002,0.18107137090522096,0.3388263175219802,0,0.7576628784426377,0.9597115572361877
335,4,1739530260,46,97,330,143,2,1,1,0,96,0.5879033080181738,0.03223458622963926,0.31887394342296893,0.8840305511926667,0,0.3997214477538079,0.633814026692984
336,7,1739539920,56,123,427,179,4,0,1,0,71,0.965927791853937,0.448741399145682,0.7251143163195723,0.5655666884531728,0,0.45299834288249274,0.8942717039415783
337,12,1739542320,18,32,146,50,5,1,2,1,55,0.7197119476173273,0.6841519369858398,0.5091827828619216,0.8529279310194022,0,0.6053182242795124,0.4480084193213887
338,9,1739544900,59,112,346,171,3,0,2,1,73,0.6768753761626287,0.88973098785485,0.043928143573384926,0.6701137485842428,0,0.9868489019306647,0.787335639725043
339,10,1739588160,35,73,216,108,2,2,2,0,10,0.36142179255864537,0.29923010060165645,0.16169001816132167,0.2885161037049282,0,0.260686111014103,0.9553345422567178
340,7,1739606400,58,107,313,165,3,0,1,0,5,0.0022585786000076657,0.9742165296843303,0.9352495547731959,0.9750186958610365,0,0.23195279991152484,0.796278557207664
341,6,1739629500,26,38,182,64,5,3,2,1,42,0.240942673894178,0.8445414996596974,0.10316499273902846,0.5710055479395585,0,0.1768872665129827,0.41576536595180036
342,3,1739630160,64,108,299,172,1,2,3,1,22,0.7639205068146299,0.6506350720818543,0.6350927872097057,0.5167552418264589,0,0.6894442143081335,0.377759247066765
343,11,1739633460,73,115,289,188,5,1,3,1,45,0.7098712544371741,0.3919255072461312,0.7923256488409115,0.403509628253255,0,0.4490946374184077,0.29154275418732245
344,10,1739638500,40,80,209,120,3,3,1,1,54,0.3310221448300942,0.7111103761994986,0.2654390627249239,0.13634420307768735,0,0.38860634007427475,0.3670635243138275
345,1,1739657340,34,59,121,93,5,3,2,0,68,0.6255829745384388,0.8161932690703534,0.7250780031386901,0.6862128800361617,0,0.20409037414886866,0.820576661792203
346,9,1739667540,16,15,97,31,4,1,3,0,27,0.19528747947313718,0.3032998748865573,0.16989517903018025,0.430799198005814,0,0.8911383774033383,0.7015003212185768
347,2,1739667600,50,76,303,126,4,0,3,0,57,0.26362771926904405,0.9928300649070293,0.28475027483379034,0.9346125103556421,0,0.4431730352223858,0.24987917954172445
348,9,1739671200,44,54,148,98,5,1,4,0,50,0.9474080939024966,0.908619369754639,0.31182203088420746,0.9650971686188983,0,0.607693311486329,0.7115351285827501
349,10,1739689380,27,68,187,95,1,2,2,0,56,0.4131805729355945,0.48550144034292264,0.9964349905642236,0.767640855349951,0,0.11252957829252841,0.3793954660399921
350,2,1739750640,63,114,437,177,3,3,3,0,39,0.24498759429885453,0.7228299157753952,0.2145722952179573,0.2424947637025352,0,0.10797221668490109,0.5577725070366454
351,6,1739755200,46,65,218,111,1,1,4,0,77,0.48710824683899145,0.5240088946187819,0.129207464633585,0.7159796808039663,0,0.06735454166399579,0.37036927276934617
352,2,1739761920,35,79,294,114,2,2,2,1,47,0.3870158797873662,0.7609305521970262,0.9256914374814104,0.020421750965055496,0,0.36734608083829356,0.5216293528858401
353,7,1739771940,45,69,290,114,1,1,4,0,85,0.7295290373491057,0.8269822038779814,0.16193069382035274,0.8264005028083927,0,0.4728866021919116,0.7298038950925447
354,12,1739778660,74,105,363,179,4,0,2,1,34,0.9621161064908811,0.023222555157042524,0.8792799196294053,0.4936185670905291,0,0.24457814944923684,0.731130650620499
355,1,1739796600,65,137,317,202,4,1,2,0,64,0.5917374244576918,0.07913202970064925,0.65045662764669,0.9367396498851864,0,0.3496775058773096,0.7531825793010949
356,5,1739820480,52,82,272,134,4,0,3,0,48,0.591147186936915,0.336467415876727,0.5768614980705188,0.3777600413259651,0,0.006260034023769734,0.39103879549019605
357,12,1739822700,66,110,259,176,1,1,3,1,43,0.36483385872348306,0.9176136326323495,0.7513387115465768,0.2631736044838443,0,0.3510884652613948,0.690495442913354
358,4,1739831220,34,62,366,96,2,1,3,1,62,0.5646309319752953,0.3982735831433897,0.7259989571480501,0.9950563387560393,0,0.11917133483084752,0.23871163144708263
359,2,1739832420,55,121,282,176,4,1,1,1,44,0.3193288663871382,0.8875122152019242,0.11052618941831371,0.5306778715120752,0,0.12838447837388955,0.47742842041986555
360,6,1739834280,57,103,273,160,5,3,1,0,5,0.0010920743123419285,0.46243391263175293,0.9994661104066891,0.8631825424104381,0,0.004506097560003308,0.5831069168032765
361,7,1739841120,46,58,183,104,5,1,4,0,5,0.8660961728784851,0.2888529203115734,0.9418897264487286,0.9110571640210087,0,0.6963805660651069,0.6864821872720255
362,8,1739845080,62,122,289,184,1,2,4,0,75,0.4294440855217052,0.9006451830624952,0.8965919628619162,0.5184687127814234,0,0.931283774049384,0.9119959917542505
363,4,1739846040,40,62,311,102,3,2,4,1,74,0.4920884850539967,0.5606707689186775,0.6222891339424068,0.45571392551918766,0,0.6215455608521572,0.3047686365397909
364,12,1739854080,64,152,545,216,1,2,3,0,87,0.08350091542592819,0.3604842950300413,0.5227913313323141,0.5528859547723501,0,0.09620205192790965,0.8452859146449596
365,7,1739868540,64,115,326,179,5,1,4,0,49,0.837110513405392,0.0444070036278168,0.5362785838816683,0.8477395028814141,0,0.9896494493925041,0.3111242520093307
366,4,1739882640,5,5,63,10,1,3,2,0,24,0.17033707037759038,0.11093313244822389,0.01493694422823244,0.9646602316007996,0,0.9755851708765133,0.551909419035327
367,12,1739886720,76,143,294,219,5,0,1,1,41,0.41062115878431593,0.1393103276415305,0.49946950194544293,0.3283221093697162,0,0.46823453565748874,0.8280998474247993
368,12,1739895060,5,47,201,52,1,1,1,1,50,0.8402655470638813,0.3648362904106063,0.6237695676599199,0.7386303821198467,0,0.10786921840629593,0.7231496052696904
369,6,1739897400,43,108,320,151,1,3,2,1,29,0.4577829402135195,0.607332955744344,0.6587062087749485,0.28537447728995946,0,0.7207393096472045,0.8628696688773296
370,1,1739900220,73,168,423,241,5,1,2,1,82,0.9311523354664637,0.30759011442192985,0.332139465051313,0.6109530413315054,0,0.9614682044834372,0.8148811925163735
371,8,1739904360,49,67,265,116,3,2,4,1,94,0.20931430342068968,0.0655276337648002,0.4712823502935495,0.8047895882182705,0,0.7786996041386927,0.27634726193453707
372,7,1739935080,28,68,275,96,3,0,2,1,59,0.7152328299547713,0.2648087373173338,0.6363106066625744,0.8864863246612933,0,0.624202854570981,0.9929366717118111
373,2,1739940840,35,48,232,83,4,2,3,0,49,0.9779985235617275,0.40868165089961017,0.4283055102751817,0.44871618427924675,0,0.6108319023710771,0.9369984322070727
374,8,1739950320,73,135,374,208,2,3,2,1,24,0.5496136372203109,0.9922699286723291,0.9621351989835252,0.36975568256589153,0,0.9779181142056288,0.43017462123828976
375,11,1739958540,20,10,84,30,4,2,3,0,80,0.6921838986439929,0.39298690475093867,0.7054421098520003,0.25345161201088784,0,0.07311933681976945,0.047209475688876235
376,2,1739973360,75,122,397,197,3,2,3,0,51,0.39322665960100844,0.08919541874744397,0.001273746250890495,0.13341717041818757,0,0.14955601959062614,0.3034966731891301
377,9,1740004860,54,83,286,137,2,3,1,0,44,0.7513373397254689,0.5811148144739334,0.023279481482253006,0.3649175686436741,0,0.8308114447396812,0.8361525305964268
378,2,1740009420,33,77,318,110,2,1,2,0,59,0.9088740565237291,0.9196400726262897,0.6903002034683744,0.8719778047478473,0,0.145113080319759,0.9508704194988337
379,9,1740023580,44,95,349,139,1,1,1,1,38,0.7030555670505292,0.7866956988617501,0.4126450975455027,0.4188095162106382,0,0.3832964869290296,0.8316719542598827
380,6,1740027900,36,70,188,106,2,0,4,1,52,0.9359287113809792,0.8362183091872366,0.8394709492122663,0.317293165811222,0,0.28149925605475035,0.3967432366045961
381,1,1740050220,70,98,244,168,3,2,3,1,21,0.5886526519923097,0.9282317961023304,0.17301540948626204,0.7391322445864148,0,0.24344471644039323,0.05653649968633123
382,12,1740051780,68,116,314,184,1,2,4,1,71,0.5771374404509629,0.636543503385538,0.013826914052291861,0.21558447162593875,0,0.025721951108426677,0.5175828440095407
383,2,1740053340,24,28,123,52,1,3,4,0,47,0.30462738810915535,0.9949227306534987,0.3880823501137123,0.25628680248768243,0,0.5662512635348111,0.3763825088631574
384,8,1740061380,47,101,359,148,4,2,1,1,73,0.7096274911637859,0.03328156987965081,0.736064104307449,0.9359086483383025,0,0.4012395208334609,0.12297238717808479
385,3,1740062280,39,93,323,132,3,0,3,1,45,0.8819525217561553,0.8348396761435622,0.9717277333775686,0.08158969261721671,0,0.5515902126370112,0.10585334638910548
386,12,1740065760,78,161,496,239,1,2,1,0,47,0.6463162261289312,0.8570106695222617,0.8836538793510554,0.41463118024342327,0,0.30450820649750365,0.1530368836560958
387,9,1740074160,30,38,215,68,4,3,4,1,25,0.23303922059858295,0.916700390761965,0.48407461193713885,0.5767511923948043,0,0.9414608550542626,0.2058236733846397
388,10,1740077400,83,94,318,177,4,0,4,1,65,0.5441091147216865,0.47816945763584906,0.8128172831963666,0.2302607156146056,0,0.5913471922415274,0.7537864093654719
389,6,1740105960,54,61,301,115,1,1,3,1,32,0.755937416951415,0.7877559236206,0.07033045786761405,0.2810124842347197,0,0.9612070465322669,0.38170347050070785
390,6,1740114360,34,89,321,123,2,3,4,1,40,0.9393633148727528,0.1950803991211798,0.5722723475848833,0.22184536474866445,0,0.35000595425865866,0.4369381301951787
391,8,1740121320,42,67,257,109,2,1,4,1,50,0.15659604952055395,0.6031302251782144,0.9242984130144701,0.3451855720606416,0,0.0022895373463220903,0.598381334983118
392,10,1740129360,40,56,306,96,4,3,4,1,52,0.1274970909665606,0.3586451523634614,0.39638514749073994,0.8985057550784483,0,0.7812655649624406,0.9601334774320163
393,11,1740143040,32,90,305,122,1,2,1,0,15,0.412943530232906,0.5961736506619755,0.9601006296631156,0.4315873465716651,0,0.8273788545606422,0.7564690489003385
394,1,1740146880,56,126,356,182,5,2,1,1,45,0.12561116946261086,0.6755605071583003,0.2206850967291053,0.41782901652343174,0,0.058703397200336016,0.645712613881201
395,8,1740162060,32,58,194,90,2,2,4,0,65,0.9804289125051184,0.34706866674617887,0.10563380953339352,0.3865808801743893,0,0.625369228462319,0.743832133607818
396,2,1740189540,15,21,197,36,1,2,2,0,42,0.42430436728255916,0.21623829930287197,0.5247623360817011,0.9641157269375743,0,0.6610178670401202,0.7192925211185875
397,4,1740211560,48,83,347,131,5,3,2,1,45,0.5336105190679049,0.32168790885933474,0.9072468719812243,0.11729943621981564,0,0.1457338670475653,0.6902492609942767
398,10,1740219360,22,44,205,66,1,3,1,0,53,0.2270877812927713,0.6639572451074426,0.3112792187447442,0.8718754209393664,0,0.5525245528525812,0.4964071194998567
399,4,1740221940,41,105,395,146,1,1,3,1,47,0.44912612353692927,0.6768742336728105,0.8001603193989524,0.3271610677279755,0,0.24319888067994366,0.5668470801399786
400,10,1740225480,38,76,173,114,5,3,4,0,29,0.9846939348612198,0.7413169360240989,0.16919726588028094,0.9565115917053534,0,0.016451703204516166,0.4614914664489468
401,6,1740242820,39,84,285,123,3,2,4,0,49,0.4886871513669695,0.126536608572706,0.7455703960009396,0.31522724624365883,0,0.8669110903761178,0.39495849704699804
402,3,1740252780,91,187,491,278,3,2,3,0,69,0.00882392580448621,0.8185173902544616,0.557026941387431,0.08287436325632047,0,0.4916951712264641,0.27076807175625295
403,5,1740257040,56,77,237,133,4,1,3,0,28,0.24252753025063056,0.6881478015409555,0.17501697539437222,0.5200418843525159,0,0.7816991009107112,0.3552132012623902
404,7,1740257340,59,121,481,180,4,1,3,1,42,0.9784548304785041,0.030505076690639177,0.7180872494376086,0.22786557930991036,0,0.7228930322291087,0.42852961730965433
405,10,1740278580,23,35,186,58,4,2,2,0,22,0.9890675134107325,0.3355978494350508,0.7137561134564273,0.7529898154733758,0,0.993705261014529,0.5793794049844859
406,8,1740280320,43,27,153,70,1,1,3,1,68,0.21049308977170567,0.4667112559064771,0.5154352291434403,0.6573056183279544,0,0.4379534039011932,0.49987509720301393
407,12,1740286740,58,61,243,119,3,1,4,1,48,0.6152640878438534,0.3606174903868148,0.22546763764267463,0.6864691579223767,0,0.4275506067571776,0.10794895427725915
408,11,1740290100,36,44,107,80,2,3,2,0,32,0.07690833050541446,0.11741688820841312,0.13229389224499655,0.19348948861063664,0,0.2817555670511702,0.33997365545726044
409,10,1740294600,71,138,358,209,5,1,2,1,51,0.5774416424446291,0.20734628450500703,0.9572550484597893,0.7086302648851405,0,0.6251472134032147,0.37619346860163005
410,8,1740295440,33,61,291,94,3,2,3,0,25,0.12592070148643741,0.02456139491013254,0.6558125382591552,0.3113310269803373,0,0.4861125005552842,0.7069259651130924
411,4,1740298980,49,91,270,140,1,0,3,0,29,0.8186615236426579,0.09307716135256283,0.809241483573384,0.9986740280600711,0,0.7287611221416688,0.3328920843554545
412,5,1740325980,44,118,314,162,5,0,1,1,20,0.9395749876022444,0.26630011772454476,0.6969705290502416,0.7317676630740063,0,0.35651169844142727,0.00795581558463787
413,2,1740332460,57,77,339,134,2,3,2,1,28,0.17298680804948263,0.8199702656357306,0.8294736651922889,0.5904115074085128,0,0.1308447416093259,0.08433662333004166
414,5,1740338760,43,76,339,119,2,0,3,1,77,0.462712168594824,0.5266375099372003,0.16249081974892343,0.867117779215548,0,0.8624354521194542,0.4969984179702299
415,12,1740348300,50,96,337,146,5,3,3,0,35,0.10204299847463416,0.424497890691106,0.4969502245470444,0.5893116997194271,0,0.8280469419646846,0.1884955042723706
416,6,1740352980,50,75,247,125,4,3,3,0,59,0.339140007072975,0.662162943958549,0.6671247705022934,0.5527498667755334,0,0.3510001871157442,0.4946224112792327
417,2,1740357240,41,74,256,115,5,1,4,1,33,0.06509775476052648,0.5415105603250052,0.10338989989521796,0.23731560280537956,0,0.6903517175119992,0.5742053720861224
418,8,1740357420,63,81,241,144,4,3,3,1,65,0.26454652801742706,0.13151392675562623,0.1499569493284083,0.678111995325425,0,0.4924029062756118,0.9334379025693547
419,12,1740374280,59,134,338,193,5,1,3,1,29,0.9902236670893015,0.22262336382418957,0.6339825942509465,0.3746444282494614,0,0.7609720971311001,0.6555799243488198
420,11,1740387360,53,81,229,134,1,3,2,0,50,0.04460326732140185,0.22252236099060763,0.86870580425382,0.04308262781213035,0,0.3901323686645124,0.031040722633432716
421,4,1740392820,47,125,339,172,3,0,2,1,51,0.8589683296186706,0.5999525126123422,0.6604161789415977,0.8160617963699577,0,0.5356392353912296,0.3807305182848445
422,6,1740403380,69,123,314,192,2,1,4,0,96,0.07745257775410486,0.46162436618934644,0.036204813456075624,0.051873166648741864,0,0.05781610406474724,0.7934569707815385
423,7,1740408840,50,110,261,160,2,1,2,0,62,0.5289969311173601,0.3875850625608537,0.970432917090323,0.6723001228405259,0,0.17490998158808135,0.2605624559899281
424,3,1740410160,49,87,304,136,2,3,3,0,38,0.4521197924273457,0.556639172881788,0.13950690090624507,0.1567208914849152,0,0.781765607775103,0.924973071500241
425,4,1740411840,56,100,331,156,2,0,1,0,63,0.9315546600206449,0.9701157857825572,0.23256223355248973,0.43256951657086384,0,0.38156548217287745,0.5290107085636377
426,3,1740447900,85,141,487,226,3,3,1,1,92,0.19904986228508958,0.3141934560558768,0.9749672819047243,0.8590916585467206,0,0.035105424229590176,0.0924476918222058
427,12,1740461580,30,56,198,86,5,0,1,0,17,0.17968201537963513,0.5201954336335173,0.7710329966533749,0.09441954911414663,0,0.16763628571194666,0.24167054018028034
428,9,1740466380,68,128,390,196,4,1,1,1,33,0.7487140885678323,0.48037001564411563,0.9365766803785066,0.6671506785526209,0,0.4115980320856145,0.9062991990886625
429,11,1740481680,20,20,175,40,2,2,3,0,45,0.7257194731003539,0.7166430317458448,0.8066196928080297,0.6126187424860853,0,0.7179131070167719,0.9914597511748098
430,10,1740489480,58,101,309,159,3,0,3,1,41,0.6991817704927987,0.7302902679829161,0.6517344750032,0.8675297463562928,0,0.36348504180723096,0.8630158925673534
431,12,1740506100,83,137,431,220,3,1,3,0,43,0.026127116172380727,0.7290707214130405,0.284552998863006,0.17273487132406673,0,0.745185754378869,0.32067668465192123
432,2,1740517920,63,159,476,222,2,3,2,0,23,0.25995968672490866,0.2015195799387448,0.3268814416995254,0.7997875046358048,0,0.8580605872950834,0.7688190125100985
433,11,1740533100,58,102,340,160,3,3,3,0,78,0.8398951778542993,0.44909313636118775,0.9472710730443697,0.4501211967413282,0,0.3411366142057126,0.2222276435962557
434,1,1740533160,44,110,327,154,4,0,1,1,21,0.6008581214567726,0.8111746910291375,0.8606256161556446,0.4286439124932455,0,0.8003755708544253,0.38452228744812766
435,6,1740579660,55,95,292,150,2,2,2,0,45,0.6021949207321816,0.38153017054064375,0.35949044844232647,0.3617843508398749,1,0.12688066593018954,0.6971681286006974
436,8,1740580140,50,95,241,145,3,2,1,1,70,0.2959166054048117,0.9842551172899289,0.3732674176207038,0.3855741461959179,0,0.41528352507165955,0.9689013391845618
437,5,1740585480,40,45,169,85,4,0,1,1,49,0.2601730885569479,0.36478674179219917,0.29769439027588473,0.5199596264252251,0,0.09756239628159258,0.4391982767814071
438,2,1740586860,49,79,246,128,3,2,1,0,30,0.9465548880182547,0.4976668273419682,0.32613014262500395,0.10679982292346579,0,0.052527988794775715,0.4958364210333366
439,3,1740589140,58,108,279,166,2,2,1,1,23,0.7277552788532122,0.47452559480254686,0.8606674662887857,0.4250658698729579,0,0.0645273774854469,0.22016852895105443
440,10,1740594780,41,105,351,146,3,2,2,0,45,0.12686611780183754,0.4336638024692425,0.010506856589846847,0.6519812150595229,0,0.10475202708163645,0.4032227427493651
441,4,1740599520,40,76,331,116,4,1,3,0,34,0.9377069421437638,0.8456313683196216,0.4360526211095247,0.4981923534383146,0,0.8357259234163987,0.06301860769564438
442,4,1740630720,30,81,236,111,2,1,3,0,54,0.5823701518180548,0.15527523754801353,0.9428396785279078,0.1658294688496228,0,0.54367712363369,0.8585858956268387
443,12,1740635940,62,124,382,186,3,2,2,1,21,0.3333623669570881,0.567664706413983,0.5426363551828088,0.36305170179163204,0,0.9473881877770107,0.023334589214200396
444,2,1740668400,64,147,362,211,4,2,1,1,66,0.3971394463995984,0.6186015773554236,0.4504457901439035,0.4429616744259298,0,0.5380003013125135,0.6835245845933516
445,11,1740677820,59,105,314,164,2,0,1,0,52,0.7254045103526182,0.8512213080693708,0.3123698046995881,0.6688748146329682,0,0.6287113323103868,0.273221701454167
446,12,1740683160,72,177,439,249,2,0,3,0,53,0.3762726516860836,0.6092001599261084,0.07391262986190383,0.9007663225374978,0,0.18448396114049304,0.4761094320331617
447,8,1740693000,56,91,332,147,5,2,4,1,78,0.578744799118607,0.9600203477877807,0.22448647802751287,0.5503755125878185,0,0.5405810206337084,0.2815584400997575
448,2,1740702300,62,96,278,158,2,3,2,0,41,0.7104994966484048,0.8721677122609289,0.09045840993687126,0.6763681281173641,0,0.3853025488033268,0.4000706680269044
449,2,1740705480,60,83,336,143,3,0,1,1,35,0.19537499730596453,0.3487399483527315,0.12669942971542825,0.07718962543940444,0,0.9314353421403702,0.5467778864190459
450,4,1740708600,53,142,391,195,1,0,2,1,39,0.9442414862425493,0.8599064452908345,0.1635165441262698,0.9544670293475931,0,0.933921215781792,0.6408934114321947
451,7,1740733320,45,97,281,142,5,3,1,0,46,0.3561727714354098,0.9584778140934557,0.30202943208427846,0.3152086903555229,0,0.198498612502241,0.9402861430991164
452,2,1740734160,94,162,381,256,3,2,1,1,48,0.4193747570769143,0.2571971809245863,0.011016679995535461,0.35429174968792143,0,0.6201308639383659,0.33220090177564787
453,6,1740741960,46,107,346,153,4,3,2,0,33,0.6985143678678206,0.6102088066644085,0.9501438855932477,0.22284278064151264,0,0.638175802970978,0.5848575129737519
454,2,1740774900,43,91,346,134,4,3,4,1,9,0.6087850893877641,0.28180391234213553,0.12381909267697455,0.08467007176554919,0,0.5625350794580178,0.9017221472082442
455,7,1740778980,62,150,433,212,2,3,3,0,38,0.4401198369391792,0.6495672790822176,0.38314887235958706,0.7900467901418512,0,0.12432970799514931,0.29023180795034254
456,1,1740797100,59,75,381,134,2,0,4,1,57,0.6497420403007914,0.0936428045470219,0.8795275597147806,0.2404900817061728,0,0.6540153188408618,0.8650499811254809
457,9,1740801060,29,46,283,75,4,1,2,1,52,0.9028283075720446,0.7341880218690575,0.10656797019076225,0.2826877353453131,0,0.7990852849242002,0.9575550963898491
458,1,1740834780,75,125,354,200,5,0,2,0,73,0.8002836166454186,0.41981982859534284,0.4836042517541208,0.18179627660627262,0,0.3452260338531301,0.8474937056269137
459,3,1740836400,53,55,214,108,1,0,2,0,89,0.8242590099547736,0.5873071786764368,0.8447835975413958,0.9748852802988801,0,0.5145517019441572,0.5698605013415969
460,3,1740842100,35,84,311,119,5,3,1,1,65,0.25840840856731295,0.02586240252349814,0.5569626240341401,0.7810347972792044,0,0.1163279463492779,0.7221155399932949
461,10,1740849840,76,131,340,207,5,2,2,1,77,0.41940334929763756,0.6954414552103283,0.21034359542276004,0.9298996499807005,0,0.9306887114870277,0.4810658685510437
462,1,1740864600,66,133,444,199,1,0,2,0,65,0.5538191416540592,0.4959913541352434,0.7355095314125814,0.8617233670535104,0,0.10953785317232001,0.597255804449735
463,6,1740873840,32,104,346,136,1,0,2,0,84,0.04419081916148293,0.625251007687842,0.6813410628675078,0.9062967995452617,0,0.20837710666824705,0.9744740669782722
464,8,1740890400,86,147,426,233,4,0,1,0,87,0.7697921803773246,0.31566797237617406,0.3621859065469243,0.479034051849193,0,0.29847847580003495,0.25112055615554496
465,7,1740892020,66,110,374,176,5,1,3,1,69,0.3234634244150889,0.1458201734214144,0.046295161581375144,0.17054143735710048,0,0.8257902391820219,0.7925471225406441
466,9,1740909240,54,99,404,153,2,1,4,1,64,0.2825960780410143,0.435428941996142,0.007864689896093902,0.3268803343575444,0,0.7006559205023549,0.5062331497548033
467,10,1740935760,83,169,466,252,4,1,4,0,45,0.2592920093561464,0.9439791212863633,0.8253928831271716,0.2924515169817036,0,0.00701443800310253,0.17687325343187266
468,5,1740951240,57,91,296,148,5,3,1,0,49,0.2833792654200644,0.22779402665380533,0.32155736155906856,0.7171338376013564,0,0.18356154715941053,0.643535380704444
469,10,1740955380,54,84,363,138,2,0,1,0,43,0.33801483215783223,0.6758390120352517,0.1377698986059046,0.02567268630734243,0,0.7501511791919018,0.7924269065350766
470,4,1740957780,43,98,364,141,2,2,4,0,62,0.6048245580761592,0.04984354403454139,0.5185512261629821,0.14204221491797708,0,0.40383449100081237,0.5687558193233694
471,12,1740961200,65,124,351,189,5,1,4,1,35,0.5835653219000632,0.7180997852669284,0.9208332957250901,0.6828851202548609,0,0.026213532467259992,0.8374328009916592
472,7,1740962580,63,72,264,135,2,1,3,1,46,0.25571175360187537,0.23843718680149306,0.008480864522397713,0.12344235380044144,0,0.9639168783200247,0.36586861408698734
473,9,1740974340,55,74,277,129,3,3,2,1,5,0.2064242765732075,0.45151706022933247,0.05614354067641447,0.04829185077040021,0,0.15123291294056207,0.9137682989874425
474,11,1740982920,40,102,342,142,3,3,3,0,84,0.8263581900713568,0.36775310059477406,0.41704493258507236,0.10921516461119085,0,0.5104666400468276,0.6483200999863272
475,10,1740991500,57,110,272,167,3,0,3,0,45,0.09272333767636654,0.11284034331735548,0.6759659067550634,0.6906741530430963,0,0.24831609764484341,0.8031593249315631
476,11,1741001940,53,80,202,133,2,1,4,0,59,0.5128228412009275,0.3455819525117757,0.4761004587670502,0.13932525940470009,0,0.7374693202253596,0.27298512485830795
477,7,1741026660,30,50,175,80,4,0,3,0,79,0.5205608741892761,0.3501249582931856,0.8975484384654047,0.14630436113648138,0,0.7767260990472881,0.4461283119029167
478,1,1741027380,28,50,171,78,4,1,1,1,56,0.5741368068116216,0.5221056390297516,0.04408455553747814,0.2303001967590993,0,0.3972204035248931,0.9096174117401453
479,6,1741032840,65,131,349,196,2,2,3,0,78,0.8856501159071357,0.9723515329399873,0.34014086964374357,0.7509107041965226,0,0.6584496214590319,0.05089555050188155
480,3,1741035480,8,5,161,13,3,1,4,1,25,0.6239139400947676,0.47001752251063034,0.35134788938872075,0.200352912260776,0,0.9090735845464855,0.4039817135631806
481,11,1741048860,58,87,285,145,1,1,2,0,97,0.9736337662480233,0.9144261556326339,0.3401272259863417,0.0353753967242072,0,0.8148091184926063,0.7803186580538358
482,3,1741071780,46,88,305,134,2,1,1,1,71,0.8713530833487275,0.4615576585625554,0.48768591212339063,0.9058633555759406,0,0.4148977176449147,0.743814690178002
483,3,1741075440,78,138,334,216,5,1,1,0,54,0.21474025948721154,0.10754330087493946,0.7905770451946105,0.8763184242909228,0,0.4414760538966379,0.8516228307693663
484,3,1741082160,46,94,284,140,3,1,4,0,78,0.24118331022530115,0.23015289527594018,0.31788261640281734,0.1848190008964724,0,0.8868782740270206,0.7393903346787433
485,8,1741082640,66,94,337,160,4,1,2,0,26,0.3447741359151706,0.40751767605760025,0.7444832066322026,0.26534258977345493,0,0.03437280042634294,0.9470921491690063
486,7,1741089480,47,91,331,138,5,2,3,1,44,0.3915144150801313,0.32536877297018474,0.1464654712790714,0.18855757144364094,0,0.022811572313826356,0.49825955535004585
487,12,1741093440,57,124,331,181,4,0,4,1,78,0.5529951203076955,0.8658292875324917,0.5607248556339502,0.7195345389617299,0,0.2057953415650221,0.624289836853291
488,5,1741103880,68,132,392,200,4,0,1,1,12,0.23251263289633883,0.6786456021965513,0.3750880256655451,0.25000888418923206,0,0.8276216446853436,0.8477057585602266
489,4,1741111080,46,85,399,131,4,2,1,1,61,0.22234518111376567,0.5783084519186734,0.5392108022955706,0.9314497573785021,0,0.15321318761720082,0.7016909498563472
490,1,1741128480,72,127,373,199,3,2,4,0,60,0.38138995736807957,0.49122955123669054,0.10774975037224943,0.8276410243835689,0,0.28527928494835264,0.10205671887366918
491,1,1741134420,37,49,183,86,4,1,3,0,89,0.672023113212752,0.39727061828906685,0.9534628467609085,0.5884011275696732,0,0.6290686901401757,0.36699645259479163
492,5,1741141260,60,106,323,166,2,0,1,0,18,0.6881256130961884,0.6121924398320113,0.9062141168017779,0.008938224713713194,0,0.18424281006138077,0.5525907983318721
493,12,1741161420,71,152,428,223,5,2,3,0,82,0.9761167400402896,0.124607165444381,0.8263963042906289,0.8836694064166667,0,0.30311634124357345,0.7547175438615689
494,7,1741167660,66,116,344,182,1,1,1,0,38,0.20241543392181405,0.16253318821690566,0.8927828233880518,0.7277616465325542,0,0.4669127271231922,0.5435675688185733
495,11,1741178280,89,142,402,231,5,2,4,0,41,0.3928591518569807,0.30311635339669996,0.1466878701814861,0.7879073965410064,0,0.22810928376793815,0.7775492413837919
496,2,1741180980,41,63,173,104,5,0,4,1,25,0.9646774979390604,0.1711846164610744,0.5037217730196659,0.07182520457199104,0,0.9924136839779331,0.837609476462908
497,2,1741196280,30,58,187,88,1,0,4,0,28,0.6900087426655521,0.6770987190248167,0.31790915875652337,0.7085601702185422,0,0.16344601732126784,0.26512827029518105
498,11,1741207380,37,59,230,96,4,2,2,0,58,0.5922785248220191,0.024768321406245297,0.8873859413041586,0.8045894736241437,0,0.8499371049202531,0.6160981731621135
499,2,1741218960,66,128,367,194,5,1,2,0,27,0.5396460514013469,0.1601774916667501,0.18943768249946646,0.9566353561570548,0,0.47009983149871915,0.557110377480783
500,1,1741231140,63,123,337,186,3,2,4,1,64,0.07551038013625655,0.9026081094988033,0.21994535514197233,0.5804704727824356,0,0.12912367972018846,0.2273172526548678
501,5,1741241280,56,118,347,174,2,2,3,1,36,0.8933738088159103,0.9975431482220869,0.6867144563550108,0.5080418519992715,0,0.1184861571625806,0.4898780892368314
502,12,1741242120,34,89,301,123,5,1,3,1,25,0.6255052154151076,0.48759047782809306,0.08889965908766817,0.42539678998191177,0,0.5002960560508554,0.5485682845687174
503,9,1741246080,68,142,448,210,3,0,1,0,39,0.571667407928034,0.4953700730217583,0.7323671769166398,0.7012876809646438,0,0.3535201714692102,0.8173398752058646
504,2,1741268700,32,38,191,70,1,0,3,0,56,0.5395003433218426,0.7733987622374382,0.26812728831412236,0.9208213047146138,0,0.23460229911299368,0.4609893746422803
505,11,1741287600,75,116,371,191,2,3,3,0,44,0.3919142073211117,0.036189577620575064,0.6609353652671474,0.5997550487160357,0,0.9589391371657489,0.08091598247594944
506,11,1741306140,106,189,470,295,4,0,2,1,50,0.25466469136089276,0.4270214819009781,0.8730377863606604,0.2272836415083398,0,0.4633797406331909,0.48729595823220717
507,10,1741337820,61,100,348,161,3,2,4,0,63,0.7553219853344842,0.09982788181495983,0.6096113732349906,0.017573950309176745,0,0.9288109813723276,0.8379509443764327
508,11,1741346820,65,94,326,159,2,3,1,0,71,0.5095675177616621,0.40092638265648595,0.212683733286109,0.6191131182675276,0,0.16399972606481883,0.5712554523275456
509,3,1741355160,46,73,309,119,4,3,3,0,43,0.03393953228922031,0.9838218411288748,0.049165525539216604,0.8645978880190527,0,0.18346606723001224,0.3188652277022179
510,12,1741362600,22,30,215,52,1,1,4,0,29,0.39909449977216327,0.7536332808033611,0.04461397169506587,0.06597527757340937,0,0.5960276909424516,0.9209709479842584
511,4,1741363320,44,65,279,109,2,0,3,0,51,0.9286036382228325,0.985045875685218,0.08881188201400791,0.3975712089613459,0,0.2698756426168226,0.15565138462606176
512,10,1741371240,35,56,227,91,3,3,1,1,59,0.37389456154086287,0.7460486256706017,0.5798179124697159,0.9400469260809028,1,0.18493785561126042,0.32687765249330225
513,7,1741385580,28,73,278,101,1,2,3,1,20,0.4132330079255737,0.6081100718065884,0.3482178540406512,0.5016769958568053,0,0.09468538541331106,0.43713469062958
514,10,1741389120,86,158,489,244,2,1,3,0,32,0.6239611230550356,0.7542208329272434,0.24310697739589815,0.22065822978859306,0,0.07627067030716383,0.7379778879258764
515,8,1741413240,59,155,397,214,5,2,3,0,35,0.8016748038158823,0.6590916729709847,0.21930655779719122,0.35365641176884843,0,0.7531683854134263,0.835746792125761
516,8,1741424100,61,113,314,174,5,0,2,1,45,0.6684611177047122,0.4640660299019084,0.948581531903099,0.4081395661948063,0,0.28216314636981654,0.058560476245199444
517,8,1741437000,49,82,293,131,5,2,3,1,34,0.8500547311229465,0.29254633400521,0.1188165758920744,0.11728951441679214,0,0.9784191533076348,0.7920358204635946
518,10,1741447140,51,91,322,142,2,2,2,1,64,0.11397058704069829,0.5201780593343549,0.3048144107726547,0.6607922438484112,0,0.1831211274791248,0.7205284152506632
519,9,1741465560,72,134,346,206,1,1,3,1,17,0.9245925533186489,0.2584934739014305,0.47147726201919316,0.5921643290924764,0,0.3544466500238479,0.8946523048118163
520,2,1741472220,54,105,326,159,5,1,3,0,18,0.903921932411386,0.4866763464421453,0.000449526074255413,0.6477228778655774,0,0.37490861948233345,0.9004429908255421
521,10,1741480620,64,156,427,220,2,1,3,0,43,0.5191485865855878,0.14613540592108598,0.9209531874757245,0.6107915686801879,0,0.5001527927368299,0.7775255586604485
522,7,1741483560,51,74,157,125,4,0,4,0,46,0.6247422377872011,0.5653950989700408,0.09909859076010386,0.01667206828833967,0,0.8706358689794534,0.19020268426368703
523,4,1741491360,48,103,315,151,1,0,4,0,20,0.21281305020140173,0.24528369081210477,0.6824706006861725,0.17446284956631963,0,0.8347702099641873,0.3138715066560507
524,7,1741494240,29,56,224,85,4,3,4,0,37,0.4479474379813889,0.29360810394156966,0.6288654771624883,0.16557200194586053,0,0.009956330863795326,0.936319698848498
525,12,1741513740,19,5,121,24,3,1,4,0,41,0.20270336091981234,0.4990281417823884,0.8090638551047372,0.09795148629798944,0,0.40925506695826264,0.5981732998538578
526,11,1741522920,50,105,400,155,5,0,4,1,42,0.021976678941019512,0.16252625302158075,0.6513877305621525,0.7354757731982764,0,0.827936731040582,0.5387607343892877
527,11,1741531980,56,126,311,182,1,0,1,1,53,0.9809030681270525,0.9623798836359191,0.7693874172159795,0.12013721447849168,0,0.0001978078267101946,0.9157094400439985
528,6,1741549260,31,38,154,69,3,1,2,1,36,0.2591465157102051,0.44694431539287616,0.42124860878852755,0.6681940734503442,0,0.5336395722182439,0.8741985740996646
529,10,1741551900,54,97,183,151,5,3,3,0,79,0.5931083088978353,0.35227922962675107,0.48870449455162324,0.17839030965367542,0,0.2594756213332019,0.7274961533163808
530,5,1741554660,55,64,223,119,2,1,2,0,59,0.30025038353786304,0.02919660509258093,0.7016621021644194,0.11831017824792633,0,0.4127685492421006,0.8822523041595435
531,9,1741587960,16,5,110,21,4,3,3,1,33,0.3706216202104349,0.8432543631122329,0.5684267210550511,0.16253004861607934,0,0.42030469987880803,0.11383497719548397
532,8,1741597860,38,89,272,127,1,1,1,1,51,0.3977615585822748,0.6258339153063843,0.5115385502667199,0.50840345653802,0,0.3917544407175144,0.7575439665999081
533,3,1741606980,62,102,379,164,4,3,1,1,52,0.3350467313247577,0.41640515484129725,0.20555840605454934,0.6454825098577557,0,0.891950122211263,0.965640202196868
534,4,1741607100,61,87,337,148,2,3,3,1,74,0.6373997593399358,0.24553279933847572,0.2581082608063754,0.8119248600576368,0,0.5364636089695346,0.04897679228140439
535,1,1741612440,34,65,253,99,3,0,4,0,37,0.9609362704886061,0.7451374186753852,0.3584972410593935,0.1285622054646306,0,0.9037467238279847,0.22304565179063418
536,2,1741637340,57,92,285,149,5,0,2,1,65,0.428634650006233,0.9454745757416672,0.009284385423503183,0.6161867473858301,0,0.726742407321351,0.7939683888654189
537,6,1741655340,73,121,413,194,4,3,2,0,50,0.9733267240542651,0.3808097056520202,0.41736344958023697,0.7738395994112472,0,0.35112007097400566,0.5200471644306524
538,6,1741660800,68,137,393,205,3,3,3,0,79,0.6677972373447831,0.13487606837923127,0.0027684757639128144,0.3124051715078844,0,0.4935636815489549,0.08661835454126132
539,2,1741672140,53,72,223,125,1,0,2,1,75,0.607136195021009,0.10919474727273737,0.5650154359213367,0.07971557936743767,0,0.3898585382052917,0.2679580291560212
540,6,1741677120,46,64,162,110,2,2,1,0,53,0.23710385179892302,0.0063619723338859124,0.7040287689723489,0.15594596306651387,0,0.8285742782003216,0.32405959992264766
541,8,1741683600,43,80,257,123,5,3,3,0,44,0.06292070589938081,0.7439554407717219,0.5621486316151264,0.09155864756045673,0,0.1875978119709637,0.32106272184594875
542,3,1741688280,63,132,421,195,2,3,4,0,60,0.8519347702918288,0.9813953859016705,0.6935199732048759,0.8872119310226779,0,0.9364122822615515,0.8776727494688318
543,5,1741690920,58,129,491,187,4,1,3,0,46,0.573981063944269,0.9928177527535682,1.3168556207476811e-05,0.37670166836023455,0,0.5804244942519161,0.6620364573580414
544,5,1741699440,66,105,333,171,3,3,4,0,83,0.4144138624248819,0.7841972543429255,0.05944197328430956,0.523348605135786,0,0.611757953968084,0.7349172783690119
545,7,1741706700,57,121,323,178,2,2,3,0,51,0.8119673220884834,0.16218377829604358,0.6984624408755553,0.7686881518043146,0,0.5168014002519713,0.013570088888551601
546,5,1741739880,69,108,276,177,4,3,4,0,41,0.3105803825773188,0.9777094559131215,0.8029001479567706,0.3714984221207238,0,0.5544964770449176,0.4275120029604318
547,9,1741741080,56,137,421,193,2,0,1,1,40,0.7836172559644873,0.3278134430019509,0.7177015708893945,0.6491026546276127,0,0.6676754164228271,0.3178206280655269
548,4,1741747500,69,101,233,170,2,2,1,0,25,0.327963835405797,0.33361960949254366,0.6630122425535516,0.07667985321843773,0,0.6550352551008597,0.8519254022401738
549,6,1741763040,70,152,451,222,3,0,1,1,61,0.9208811864041636,0.6873369528924389,0.70738266381156,0.48090564756860044,0,0.21414708886996425,0.9538696539198517
550,5,1741770840,40,58,276,98,4,1,4,0,33,0.26796687445680256,0.049049187074451384,0.7395899257961658,0.09651896617030764,0,0.582440160873074,0.42334084958700524
551,3,1741799460,22,79,299,101,5,0,3,1,71,0.13755411757457114,0.8257697299075593,0.7243774983675693,0.24828414068022808,0,0.3546264406884425,0.9730606145712987
552,9,1741804680,82,159,427,241,4,1,1,0,24,0.6980967083494118,0.997297276487744,0.7380084776883398,0.29334082759546865,1,0.6370303058028788,0.014359204043768115
553,3,1741806420,59,85,318,144,4,3,4,0,52,0.16284725306477077,0.7750697780899174,0.07401970741518082,0.7175838038869466,0,0.5478345802679188,0.3257194042086058
554,4,1741829640,24,32,192,56,4,2,2,0,73,0.9493630502889856,0.7816764912073332,0.06327155149462471,0.6741041862892538,0,0.17967993371249258,0.7749311779299499
555,10,1741830360,42,91,263,133,2,1,3,1,6,0.655555112388866,0.390313670566551,0.36111994322943897,0.7470800889310658,0,0.734733917539036,0.360099630475033
556,12,1741836360,68,143,498,211,2,1,1,1,90,0.23086066128452598,0.06592138901565692,0.5275967145487956,0.06175504723733516,0,0.45701344747949024,0.9209623303779163
557,9,1741840860,49,86,274,135,3,1,1,1,41,0.20881893428542875,0.7926674342344233,0.7626190539217277,0.9939142121730469,0,0.551441552286137,0.2184648924981305
558,11,1741850760,45,81,320,126,4,2,2,1,52,0.9238750391204216,0.5971580869048005,0.3347078187910125,0.05442002870976892,0,0.672642864924813,0.7956667273281107
559,11,1741864740,80,159,317,239,4,1,1,1,61,0.6078579128498909,0.9093386891220844,0.2751170766336348,0.825747791439154,0,0.652871773917137,0.20170225240252437
560,6,1741871640,36,67,317,103,1,0,3,0,64,0.8937360066724167,0.11596290016683253,0.7814483081185295,0.7402689334805356,0,0.7489288200900446,0.19710491767283767
561,10,1741891980,40,46,285,86,4,2,1,0,55,0.11022520484582521,0.3051230630941083,0.24933685145399498,0.5917617904918199,0,0.20675172864311742,0.44574935838327434
562,4,1741892460,58,88,297,146,2,3,1,1,69,0.9253921955791762,0.36065615372338644,0.8208413768144633,0.4388571651449872,0,0.11039123373735693,0.9449405883303325
563,6,1741896660,62,116,379,178,5,1,3,1,60,0.5200493119940883,0.6832797085446914,0.17713354972003859,0.7571323532701827,0,0.6691795746743444,0.5854549619023482
564,7,1741906080,63,137,421,200,4,0,2,0,85,0.6684219163313505,0.787745163103155,0.3594735228724768,0.7398578032688461,0,0.23598494666568215,0.6350328948735802
565,12,1741911180,71,160,407,231,5,0,3,1,60,0.37287547154128065,0.9610204085844203,0.4010756094263903,0.13717833548980451,0,0.11460486854982666,0.0097326724686162
566,11,1741912800,58,119,385,177,4,3,3,1,89,0.059140322005826196,0.29540715832415443,0.29951044730764287,0.7926324729608702,0,0.131237492809408,0.05661520463176517
567,6,1741915260,63,119,317,182,3,3,4,0,68,0.9579724413418291,0.4936364085642473,0.003356913887012647,0.07855699743496525,0,0.31280012389951406,0.06693402566102347
568,8,1741920720,50,104,297,154,1,0,4,1,13,0.994598329108482,0.02896093008129841,0.23550925782124787,0.5005461421285348,0,0.9917870480492451,0.8196421746612321
569,3,1741925220,56,87,350,143,2,0,1,1,102,0.36454684876044297,0.2529878781088879,0.3376535588788737,0.6450818265671943,0,0.157260326687085,0.2368521217583356
570,10,1741939320,56,97,362,153,5,0,3,0,38,0.9438679297519796,0.37400350811964034,0.31362489452666276,0.8216888573752277,0,0.2985365622984678,0.32883818463874226
571,7,1741952100,58,87,258,145,2,1,3,1,79,0.16772629096156422,0.5938062065254482,0.7855554964772071,0.46311021809305375,0,0.9207341518821429,0.6099527786289806
572,7,1741964160,68,97,277,165,1,3,3,1,50,0.15468444965857553,0.47084549359917405,0.04736776253647301,0.2368580775651452,0,0.9633080631408026,0.5839543176533192
573,10,1741974660,64,121,329,185,2,0,4,1,71,0.07311184000917148,0.36447505977699735,0.3889486996552407,0.4906596154566065,0,0.22884336115151804,0.41052949756844037
574,8,1741989720,55,102,360,157,3,3,1,1,36,0.39126940758415074,0.6240779665293416,0.03751545557944125,0.2502081104371201,0,0.8804526970506575,0.004300206034838494
575,1,1742021640,40,85,240,125,4,0,2,1,62,0.052302250181599175,0.8286156771170003,0.9306475661290093,0.5287253814561483,0,0.13891794452301365,0.4496025750508157
576,4,1742025360,56,111,359,167,5,2,4,1,44,0.39465718961289675,0.24168113298478922,0.7902094370310964,0.46250818310651787,0,0.7615364113005156,0.7388826157200231
577,3,1742048580,54,102,361,156,5,1,4,1,81,0.13839042864966822,0.3428758792604123,0.9821615992380135,0.7805044837503944,0,0.013008160647371536,0.2352393153254554
578,9,1742048700,58,115,345,173,3,3,1,0,58,0.7305277955729573,0.7049236496870199,0.9101605316960185,0.24009011344252895,0,0.40661962924096007,0.7083580102738181
579,1,1742081460,94,168,506,262,3,1,2,0,68,0.833362649336408,0.7779405987585303,0.3158127721160844,0.1999851841903395,0,0.24733520671738818,0.015152819817278229
580,3,1742082600,45,89,282,134,5,1,2,0,6,0.687815427796288,0.8253968717346473,0.6915834123305803,0.47418533956695996,0,0.7040080141591227,0.9080078043145318
581,8,1742083860,62,97,303,159,1,0,1,0,48,0.20049415243615587,0.20933121889702866,0.3065540874784084,0.050504365190850664,0,0.01605613135518469,0.9500392076557908
582,9,1742089980,74,140,351,214,3,3,1,1,58,0.7668481929079557,0.5392669612444156,0.888211187929624,0.22934062843550584,0,0.464901706051533,0.0024614834245593187
583,7,1742091720,56,114,398,170,3,1,3,1,54,0.24950019703327497,0.9000110985252844,0.4107528699673414,0.3537049141876919,1,0.6967290247449353,0.45781841380651234
584,11,1742091840,97,161,403,258,4,1,3,0,69,0.7594885969685274,0.39195045509149173,0.3758875419042321,0.48762971256091026,0,0.04670487325018291,0.41382194023866903
585,12,1742091900,48,87,311,135,5,2,3,0,42,0.5673975748963909,0.4298830902215557,0.9140687442333334,0.26943671122536406,0,0.8974001821299723,0.8418833559195065
586,2,1742095500,60,95,306,155,4,2,2,1,50,0.3667125162912097,0.9848229439006858,0.8367402876198543,0.5606364947084064,0,0.3611974073964489,0.5407215913232687
587,12,1742114340,40,61,189,101,4,2,4,0,73,0.08349237801605769,0.11305264603250542,0.9664135533643016,0.8784146664451715,0,0.16526583224224256,0.6113654699360509
588,8,1742115720,48,63,215,111,4,1,3,1,5,0.8275095098070258,0.705601989461636,0.06648808557444685,0.5437274613576021,0,0.22546449603046081,0.20250600308642241
589,8,1742125620,59,131,451,190,3,0,4,0,61,0.9396529207982254,0.8501841270408919,0.2433388780388599,0.2868395217364318,0,0.3389059287804632,0.0770646679970809
590,2,1742144220,70,147,424,217,2,0,2,0,43,0.6659177800006375,0.1507935166340174,0.30085774786704567,0.061980972002314894,0,0.19837510182229212,0.6923310971826252
591,8,1742146560,60,118,305,178,2,0,1,0,31,0.9645415666934388,0.7144532360072374,0.4243520609547621,0.13666630474832364,0,0.5105787539152029,0.6206759919694284
592,9,1742150220,77,178,491,255,4,2,2,0,56,0.9341114190429911,0.46973822201044224,0.473130045948536,0.5612173685471906,0,0.632931736499356,0.832328733983278
593,7,1742204880,53,91,294,144,4,2,3,1,74,0.19460840080375363,0.8528908846746432,0.291472428066738,0.6837088381043798,0,0.43343010888332467,0.8446834474420555
594,2,1742217900,49,148,588,197,2,2,2,0,70,0.7312123485982135,0.9074523168359061,0.7904504231450284,0.04966794355407056,0,0.4270321498951223,0.6310352739729366
595,7,1742225700,103,180,494,283,5,3,4,0,47,0.34930481943769454,0.8724849031545734,0.22324414448505647,0.18554982971348166,0,0.7816995193687025,0.5383613829502881
596,12,1742245800,62,116,332,178,5,0,1,0,67,0.487517360565626,0.06438513757901276,0.696517313299113,0.31908127067657055,0,0.3010167129578851,0.9140082690118511
597,9,1742246940,42,67,325,109,4,3,3,0,67,0.15696543114884576,0.7568552768149742,0.8517683155920974,0.31977310888050237,0,0.622768833907242,0.8012641358523173
598,2,1742263620,42,83,193,125,2,3,2,1,48,0.9747794280576525,0.9215275749858294,0.6036982391595863,0.958407014177961,0,0.8929215850434725,0.8824249949675781
599,12,1742278380,38,85,294,123,5,2,1,1,36,0.7261373830764085,0.621348440670931,0.35415892589282083,0.20377059794242258,0,0.2215143650960122,0.9958408982739928
600,12,1742283240,71,125,469,196,2,2,3,1,37,0.2669083096309681,0.6008760604784902,0.18789124219665132,0.0625203494791089,0,0.6199007300244572,0.40350578776651247
601,3,1742287140,48,121,356,169,3,0,4,1,66,0.3714716901680335,0.045005387398110996,0.134346194403696,0.3530148293123191,0,0.9479717800547842,0.7169346622907508
602,10,1742296020,57,107,247,164,5,0,3,0,49,0.4224829268287844,0.8560330222059385,0.7441747391490616,0.13444197102967947,0,0.5297952549554544,0.6880678152315783
603,5,1742311680,53,100,300,153,3,0,1,0,29,0.7475337241438402,0.04640356082916153,0.469131997583516,0.12658196513578912,0,0.9768977236971302,0.17414271333279996
604,8,1742329020,68,104,400,172,2,2,1,1,16,0.9256972667695845,0.31350960638467396,0.046319551167367634,0.40745066111712835,0,0.3100460441847964,0.6365485996930432
605,6,1742353380,39,78,294,117,1,1,2,1,66,0.32144013298457164,0.9258630652872155,0.9838395069426202,0.30639113924994865,0,0.5642938926661981,0.4280892758789038
606,10,1742355540,35,60,198,95,2,0,3,1,39,0.47250008828041956,0.9497451427295122,0.67130318298899,0.09172677615535951,0,0.31103575120095284,0.4506355901137111
607,12,1742358480,59,94,273,153,4,0,2,0,56,0.5932075728347012,0.9919005404759226,0.8441825514269772,0.6043034294274493,0,0.003719425067400639,0.18013798985405693
608,10,1742373060,65,101,294,166,4,0,2,1,74,0.3933439924003156,0.4764022856128862,0.43818867131701145,0.50169976602035,0,0.9973081004456583,0.7447393461359687
609,12,1742375220,60,161,460,221,2,2,4,1,23,0.5041813233656852,0.17742954638101083,0.9554386208080249,0.07709966895130538,0,0.24006006803727653,0.6979409896782558
610,12,1742375280,40,66,318,106,1,2,1,0,49,0.105707629020102,0.48794448682908387,0.19952502092412727,0.8627444740141443,0,0.9731019852367316,0.5322901390021636
611,2,1742377800,67,91,354,158,4,2,1,0,46,0.16767438772016607,0.10231292508304923,0.1851361229388161,0.2847130582123327,0,0.653032826647127,0.15671919122582145
612,4,1742381700,41,59,260,100,1,0,1,1,57,0.4011012572201449,0.8725361089699698,0.8903347347703588,0.9613807849471794,0,0.9039336089485727,0.5568647853571268
613,9,1742385600,45,79,211,124,1,0,4,0,74,0.9149390117705525,0.5605372332665048,0.8917170640057281,0.9315386325563256,0,0.967202747053633,0.10013342214702037
614,8,1742397720,38,79,211,117,3,0,2,1,23,0.3493580457446336,0.4045058991667553,0.4990194854990422,0.4340966262187528,0,0.567829206341983,0.3393720261422565
615,1,1742408640,78,151,448,229,3,3,1,1,61,0.24979280860501363,0.0795307024808044,0.12578635535397864,0.22856694043833492,0,0.9996913443012582,0.3723578427927129
616,2,1742415000,66,132,316,198,2,2,2,0,70,0.7428622208492759,0.40524067681663045,0.3052164582032719,0.8348527125302225,0,0.7673299092753699,0.8834253925406446
617,7,1742428980,65,104,316,169,2,1,4,0,46,0.9491301660766093,0.8661916083901089,0.7541523380344677,0.3612858416224468,0,0.5238145560935734,0.41556207544438517
618,8,1742436180,77,145,425,222,2,0,3,1,47,0.45912361706354743,0.7034059324772127,0.8459919080013034,0.16355069467129824,0,0.6549432841908859,0.598469868625797
619,3,1742447460,105,171,405,276,2,1,1,0,58,0.008604955567183104,0.08245551751096658,0.3476547477448171,0.5516077158189412,0,0.19427135732659928,0.8747789879039839
620,3,1742481420,24,30,128,54,1,3,1,1,56,0.688149331475618,0.15990719972617584,0.061233681816867835,0.48940244270126576,0,0.011032621440349888,0.4257594387556296
621,2,1742496660,41,55,225,96,1,0,1,0,61,0.4150608016161449,0.3923084907075046,0.6657266815727806,0.8500178788139564,0,0.2567893476071421,0.883703520070732
622,7,1742500020,43,53,251,96,2,3,4,0,61,0.6736455366162152,0.10137508268591866,0.7394970414382935,0.7292813798393321,0,0.43497086171990695,0.13646131252663973
623,1,1742501820,39,91,355,130,1,1,1,1,30,0.27771651582920354,0.934041191993271,0.42401467586369257,0.8761394868367537,0,0.228052586861754,0.36484315715995985
624,7,1742532480,35,76,302,111,2,0,2,1,69,0.002408143816962416,0.6522920446308759,0.5830976116178693,0.7347029123873744,0,0.514035897986198,0.09472724906646457
625,6,1742544120,49,107,337,156,3,3,2,1,73,0.34449621874560377,0.09482300130394505,0.9873714975240833,0.642174960647797,0,0.6579441422246665,0.5609296292812848
626,6,1742563380,33,60,202,93,1,2,3,1,53,0.7047923426129415,0.7880574623804607,0.2449985993596594,0.5001771522770128,0,0.6557938491000377,0.9572820604078024
627,9,1742572740,61,125,316,186,4,2,3,1,20,0.39311328300918924,0.3684059285719429,0.5729776937992509,0.9875532894964475,0,0.8937644305331285,0.6569518353212652
628,7,1742582160,55,63,220,118,4,0,4,1,47,0.21917413965322596,0.24487064455322083,0.6109604135626425,0.9591648240001723,0,0.9663190964832098,0.6260756173487486
629,9,1742659980,63,130,400,193,3,1,2,1,53,0.4640068641341015,0.5699849419396911,0.5491071960244631,0.8488529815357496,0,0.8906950133598884,0.2781586322431383
630,10,1742686740,64,118,372,182,4,2,2,0,27,0.7523485232983854,0.013372133120541307,0.8691295579437958,0.7753192137855278,0,0.6201749593469261,0.9311067586231218
631,12,1742687400,65,129,273,194,5,2,2,0,42,0.11943308679230602,0.465397660104255,0.6050075319221164,0.5775595501185121,0,0.20576415459112907,0.47153478477569455
632,10,1742689440,48,94,268,142,1,0,1,1,21,0.6917520336466478,0.8438049930951695,0.50789002239129,0.2597533605262068,0,0.9434511591699268,0.26700205304581914
633,7,1742694240,93,147,474,240,1,2,3,1,62,0.6673440238039473,0.9280575959855684,0.12301502666117314,0.8754390270879648,0,0.17486039476730653,0.9876999804330076
634,6,1742698800,59,76,275,135,2,3,3,1,53,0.3707378796850713,0.34255470441643976,0.7032091992934255,0.010816134878957717,0,0.15142738251046517,0.423123933794739
635,3,1742700900,21,23,95,44,4,3,2,1,17,0.9703361913794945,0.6424365881650443,0.13210736149470037,0.2274399667939332,0,0.317569327905435,0.37149898240954415
636,8,1742712840,36,76,389,112,5,0,4,1,57,0.8947052994803515,0.22682343836883356,0.026569893364223662,0.4037324450844698,0,0.5736055613382882,0.03496126729883442
637,2,1742718780,23,55,228,78,5,3,1,1,48,0.31616148080206985,0.5602130709847091,0.4885311630634622,0.586157155234072,0,0.6814726319858042,0.17829497314468257
638,12,1742742180,55,71,281,126,3,2,4,0,60,0.031091093393843083,0.254027726153189,0.5724452721477323,0.5608793203603559,0,0.013292677345635995,0.8091913550722803
639,11,1742746860,52,73,285,125,3,0,3,0,42,0.30830480674507665,0.5713565086274529,0.99905406137388,0.1758158263852847,0,0.7780222717197501,0.48269510460215026
640,2,1742754900,46,68,237,114,3,0,1,0,33,0.20472194254104326,0.17172211729323095,0.7123267944552865,0.10479819981353178,0,0.17501954908724215,0.9548747269251936
641,10,1742760780,91,156,395,247,1,3,3,1,34,0.5472519140475928,0.9412325567607434,0.8485903202275773,0.22232892758527967,0,0.2964848515130212,0.0838858032235813
642,2,1742772240,64,87,400,151,3,0,4,1,39,0.9187444211821546,0.8869174764072917,0.3463880390307553,0.3487087888964836,0,0.32208672579565156,0.6159434423984318
643,9,1742775300,68,93,356,161,3,0,2,0,50,0.8703375100375215,0.33691824944883986,0.5089146825799675,0.01405368792008621,0,0.3324459988987425,0.7199841475433153
644,2,1742794380,38,51,263,89,2,1,2,0,52,0.3058291556648267,0.7766628889249426,0.9742689906618556,0.6924558205498558,0,0.7603676022094713,0.6211831264646035
645,6,1742831280,37,68,284,105,4,2,4,0,46,0.428597533555637,0.09550413073219455,0.41738855214277626,0.24772743573749145,0,0.04094436220217956,0.5298775601258555
646,8,1742832000,55,75,219,130,5,2,1,0,41,0.03654219907956646,0.7403609087054239,0.8072904248023839,0.3514044365483624,0,0.19651781839231952,0.5782983203387109
647,9,1742832060,58,102,387,160,2,2,1,0,42,0.5441635076491494,0.28245912961270414,0.5259891177444961,0.3349016905838995,0,0.02231923115244816,0.6895495913764201
648,6,1742837760,21,58,193,79,5,3,3,0,100,0.06336798005072886,0.1356417686758623,0.2239618515300641,0.5118298008785218,0,0.7782994567117663,0.8632635436375291
649,12,1742846100,51,65,264,116,1,3,4,1,34,0.9386061662290996,0.6781912179036137,0.5804186372108828,0.859799722094611,0,0.9837223383651236,0.3363446442846858
650,10,1742860080,55,94,226,149,5,0,3,1,38,0.8669338348522723,0.46980681781938927,0.21806202837032151,0.14938995350554118,0,0.6595471592665643,0.45965408044166767
651,3,1742865840,51,112,241,163,4,0,1,0,115,0.214187626437503,0.5301396017304439,0.003026989875741126,0.34072711323127003,0,0.5901391809188112,0.6359095866171709
652,9,1742872560,40,63,261,103,2,0,3,0,58,0.6993686798620454,0.5205297841379208,0.23589601547334327,0.6920288077317835,0,0.9080662133885028,0.3142159523264475
653,9,1742882580,45,69,217,114,4,1,2,1,22,0.5680203824333331,0.05944798210601954,0.19314383235509036,0.04423141328043678,0,0.25495398636348277,0.17878286594669535
654,5,1742887980,51,115,250,166,2,1,4,1,66,0.801357712516183,0.05138024909267702,0.37092117719943374,0.8299786351622237,0,0.06646230513800522,0.9661687567781331
655,9,1742924820,56,94,335,150,4,3,3,1,31,0.4756521067515199,0.6011675039480969,0.8885969038092881,0.9618251404974265,0,0.5099699049722157,0.1947288887962373
656,11,1742925540,65,139,504,204,1,1,2,1,68,0.191771970665778,0.6238646423554166,0.3878530735986758,0.6076372025819908,0,0.26034870317382874,0.23273309540225073
657,10,1742926800,74,141,471,215,2,0,3,0,45,0.6398434001228317,0.047174556515114596,0.8451876274909911,0.9565083710307213,0,0.451081614680902,0.6186861004825924
658,10,1742934840,49,81,269,130,2,3,3,1,41,0.080280326995945,0.37843933188781775,0.5556130201315813,0.41306182943174774,0,0.45629985058180933,0.07736830992150279
659,8,1742938140,46,92,304,138,1,1,3,1,82,0.5845879911684221,0.6128512795604274,0.007614704222566937,0.4150317306551369,0,0.3188318240680694,0.03404765381520658
660,4,1742956800,62,118,400,180,2,3,2,1,61,0.21270480546445758,0.6566806557530763,0.18873671290321514,0.10624890941343745,0,0.4863245815830535,0.0640136038053486
661,10,1742961360,65,137,450,202,4,3,3,1,69,0.6849364371235602,0.8282757592765515,0.9312780452080364,0.0354469349997697,0,0.3801518805499017,0.12326364578576832
662,5,1742963820,47,73,248,120,4,3,1,0,58,0.8280431617281085,0.42073228359688086,0.6041734461977185,0.24450431813453388,0,0.11305933678187674,0.4291968621341872
663,7,1742965680,69,125,371,194,3,3,2,0,41,0.10952472928207246,0.5482577811469688,0.9295468585722739,0.4781286571011477,0,0.8667257074057799,0.8292606434644912
664,4,1742976120,72,128,391,200,1,0,2,1,62,0.40026855214859236,0.5785603756088172,0.31012002030345287,0.507682390862889,0,0.701273714430226,0.34197189309552734
665,4,1742978040,78,154,455,232,2,2,3,0,74,0.7335215877759967,0.312045283300319,0.7165623782827428,0.21757538174143332,0,0.041308864999840544,0.4275314146474197
666,2,1742984100,87,136,385,223,5,1,4,0,52,0.1637030615188585,0.0538254024416116,0.7720251598972598,0.6128056746614275,0,0.11578642527130634,0.600251092835867
667,12,1742996400,39,90,293,129,2,2,4,0,86,0.5665236700357131,0.0042259262051046464,0.9756996027362554,0.1812058748383879,0,0.09651447071202401,0.3021444256237612
668,2,1743010320,55,108,404,163,1,2,2,1,67,0.6718389818757231,0.8361254161185249,0.0181764831689607,0.32621114026910014,0,0.06174354700882767,0.43253787876798044
669,2,1743015480,55,72,324,127,3,2,3,0,54,0.35479360723938225,0.20023182252238636,0.9522372151232462,0.19570951518932744,0,0.05905677584054769,0.3863116868643608
670,12,1743015960,53,119,381,172,1,1,1,0,55,0.8319822742026011,0.6302546641591356,0.3915902176041651,0.6966635999901375,0,0.1571123329362003,0.3418835416500199
671,7,1743020820,43,122,449,165,2,3,2,1,52,0.5106581850467138,0.5770474786439196,0.837992405744867,0.5165725082223118,0,0.8478694085299281,0.3883931694820375
672,6,1743026640,28,70,240,98,5,2,3,1,24,0.62699483994051,0.39963307674051896,0.5447129182210839,0.7361010990726155,0,0.8282332961981758,0.01111771041206333
673,9,1743033300,56,129,459,185,2,3,3,0,48,0.1408727967047787,0.8334933087006338,0.5646495430333655,0.05724816959164969,0,0.7831464752783852,0.8862606681215847
674,5,1743036240,41,75,297,116,4,0,4,1,54,0.023160174532669053,0.698401595693379,0.3593778881864501,0.42536208023514144,0,0.6147065065385727,0.9773467974486908
675,2,1743081660,56,67,417,123,3,3,2,1,41,0.050748570824986294,0.022741463439172938,0.8284725903781975,0.9669585789814206,0,0.7234935532136345,0.8624961914161383
676,9,1743096600,40,35,130,75,2,1,4,0,56,0.9039201481982159,0.7766940733566847,0.2640135708378334,0.053619514706363613,0,0.7384812108403062,0.005742274054241658
677,3,1743097560,35,68,221,103,4,1,4,0,50,0.8826423842482511,0.5069988180017623,0.49224138617860647,0.41837868969596215,0,0.8893128703076673,0.7508855466946219
678,7,1743098460,59,94,328,153,3,3,3,1,65,0.8075914391618425,0.34701928908284685,0.5601744987674754,0.04039821885562056,0,0.7323430296357656,0.5731001725867135
679,12,1743104880,57,84,307,141,2,1,1,0,63,0.1996120912348608,0.7268846565116779,0.7425210934274884,0.14665332097079997,0,0.7364593080209655,0.09417491100775033
680,12,1743122160,65,115,447,180,2,1,2,0,53,0.5254586519495033,0.6860656296462694,0.47163533704153704,0.4625264515730515,0,0.8040811727134838,0.9328591348795976
681,5,1743123060,94,181,448,275,5,3,4,1,22,0.7961171005483734,0.31058823786894907,0.6802828988394938,0.1575133976840526,0,0.5563548559276319,0.7762171292226369
682,10,1743140460,59,77,319,136,1,3,3,0,85,0.6746691812557738,0.9830388714978814,0.4852940963479754,0.5187554249638431,0,0.21302879004260922,0.14529628644809367
683,8,1743151980,63,104,386,167,5,1,4,0,47,0.1155211936759376,0.6487084867117533,0.6593206369585947,0.9227316827700696,0,0.0845424775690583,0.964041429693496
684,6,1743169980,35,93,341,128,3,1,4,0,48,0.8955411998124237,0.6057797124538936,0.6741434762081482,0.20040755819742673,0,0.4190435603818988,0.12619875281064008
685,2,1743188640,31,34,139,65,5,0,1,0,43,0.16068239277796226,0.06988036348177207,0.7094415605292438,0.10718650971219779,0,0.09168567168606256,0.4546798785092835
686,5,1743203580,83,166,522,249,2,0,4,0,40,0.17179569341333545,0.27931878034473745,0.823299793860326,0.825276561982952,0,0.16930403155433116,0.15897573265917297
687,8,1743213780,38,58,297,96,3,2,2,0,80,0.9010086291707082,0.44697400232644147,0.5407225609599173,0.4602698474137552,0,0.023840011762435,0.15019079505790445
688,12,1743236340,36,75,299,111,4,1,4,1,77,0.4846169390945161,0.6306257043096763,0.19327816386989327,0.8826110988441378,0,0.30020629103650986,0.9678057383746101
689,1,1743247140,54,119,368,173,2,3,3,1,58,0.37289182595646686,0.5127636307303778,0.6796408416190554,0.30612329466538724,0,0.9699978224020184,0.5721227813923402
690,9,1743256320,53,110,351,163,2,0,2,1,47,0.5536567422980565,0.7630329334713912,0.07711808349216187,0.6275320051870896,0,0.3789312726644106,0.2591749176930025
691,11,1743264420,38,86,288,124,3,2,1,0,62,0.9813973328321114,0.2625677124679019,0.21895502246118403,0.9233135543016643,0,0.24089260605108131,0.7763993708665334
692,12,1743279540,49,65,282,114,4,2,1,0,51,0.11963045524104288,0.7021569952824843,0.7921575286647992,0.17169579944790592,0,0.40344947713823154,0.8752443993025074
693,6,1743283260,77,160,441,237,2,2,3,0,46,0.7569488487920653,0.8165970468911625,0.43507014433006597,0.8007285593054033,0,0.3013385202066774,0.9176039367877787
694,2,1743329580,40,54,185,94,4,0,3,1,56,0.3343258622441275,0.7650499755829533,0.49804416765121706,0.6315167498451273,0,0.6738768229283607,0.932984970966872
695,4,1743346920,29,57,181,86,4,1,3,1,41,0.11704927084762373,0.7708465845880335,0.9873969184835301,0.8129467446270534,0,0.6344667611590806,0.9055818297552952
696,11,1743348840,71,132,346,203,1,2,1,1,55,0.42193335535293863,0.8885070572621654,0.23517248584891792,0.17069334495310817,0,0.027342907770496194,0.6389323959265706
697,11,1743362520,63,123,377,186,5,1,3,1,54,0.5487528777252709,0.0841785424804895,0.019552749535934555,0.4340864703370123,0,0.5113231558067851,0.3424666498070571
698,8,1743376740,43,84,286,127,1,3,1,1,62,0.2059616377281469,0.697191571374103,0.11137260951784411,0.12883722847695267,0,0.03619968767543713,0.9255676774388821
699,2,1743378120,26,29,188,55,4,2,1,0,37,0.4052694590966025,0.968678201116461,0.2445018596608296,0.9600821079853646,1,0.6773632664142749,0.12249652800038602
700,2,1743384120,41,46,237,87,3,1,2,0,64,0.6356760254722905,0.5736506498745382,0.7259200243964692,0.06269172296013448,0,0.9358083306272584,0.16879981505081754
701,6,1743387780,54,114,316,168,4,0,3,1,31,0.5764480197202222,0.2173163119843926,0.775822031984762,0.06548339799438829,0,0.907487878727419,0.43382754049569383
702,8,1743389940,75,138,469,213,4,0,3,1,38,0.7231605940548506,0.9987538057742129,0.5654889540141138,0.8981561921817023,0,0.20571211209092655,0.2836649422131816
703,1,1743393120,36,87,280,123,4,1,4,0,39,0.8364045329374012,0.17467729282147892,0.25504639869816137,0.300762148137675,0,0.7426451477213933,0.6157328142238714
704,9,1743407880,53,94,286,147,4,1,4,0,28,0.4091403317693737,0.3355576973748593,0.5217418945268236,0.5970200328471501,0,0.7930659710405652,0.9053019229646232
705,7,1743415440,67,92,328,159,5,3,2,1,70,0.42296727546222745,0.1720621884171678,0.014957555933934219,0.28747552890730677,0,0.8643675331093843,0.4910313263724476
706,1,1743419160,12,40,108,52,4,3,4,1,30,0.49669213445515314,0.46451286875006825,0.6818009427417963,0.6487583756275316,0,0.259598670800521,0.5538705934185323
707,2,1743421620,73,123,326,196,5,0,1,1,36,0.5663533783813035,0.4188760096109583,0.6142975554091679,0.19246936927002722,0,0.45083484597216006,0.42313372898109247
708,6,1743441060,33,66,301,99,3,2,4,1,75,0.10832267423789166,0.4912408965105728,0.021796539381543578,0.4588694580514693,0,0.2215044290365904,0.7075691599759386
709,9,1743447660,60,95,223,155,2,1,2,1,38,0.31263535419477406,0.9279834000554296,0.8170116336327956,0.5334921747803945,0,0.024309457211191376,0.10068877984621383
710,10,1743460680,59,139,453,198,2,0,4,1,46,0.17189179537702426,0.4783243858342251,0.7634265351621218,0.33364289028713,0,0.6590126278649572,0.04858988592656155
711,6,1743466680,74,115,425,189,4,2,4,0,29,0.3858527623441316,0.5146263262136441,0.3082237455683131,0.25170061126895205,0,0.4314636178931456,0.6413384744331628
712,4,1743469860,64,108,317,172,3,2,3,0,66,0.9733540725740365,0.8866821059184681,0.635376650632306,0.1402066676712168,0,0.2481168805635673,0.5348785451541519
713,12,1743484980,12,23,180,35,1,0,4,1,66,0.5827309566809797,0.8177579940148323,0.6014929634649732,0.7061443363079198,0,0.8471039472996119,0.4073580290193777
714,6,1743492780,40,50,275,90,2,1,1,0,64,0.4293815199205463,0.23972203122544422,0.14318027922687027,0.16828271599442324,0,0.49568063997920286,0.333992641879172
715,4,1743503940,57,109,314,166,5,2,1,0,60,0.5659368952237088,0.012925955228850206,0.19325930111436584,0.29212639118814465,0,0.9946576772125906,0.05180744404312554
716,6,1743524340,51,124,411,175,4,1,3,1,51,0.6690765554271793,0.6294995922020511,0.6832061362281295,0.3369087646165174,0,0.7933578269389671,0.6805561624139979
717,1,1743552120,63,103,292,166,4,1,3,0,39,0.43495346329040097,0.84484982383752,0.9335516462700085,0.4543667969796701,0,0.8692111997359199,0.4214675358207173
718,4,1743565860,69,132,360,201,1,0,1,0,33,0.4477098042528872,0.5528501126104001,0.5762843206987531,0.702568699550067,0,0.7733322487976717,0.4452680395196167
719,7,1743576360,65,62,204,127,1,0,3,0,75,0.7014011293817086,0.21117692001284516,0.5678131455595449,0.42794513465370543,0,0.10592489895062163,0.8934448514118918
720,12,1743593520,51,91,319,142,2,3,1,0,65,0.06086258320570126,0.7413550906753068,0.6466816947038385,0.8710936214354834,0,0.06502900065367068,0.7375478825234788
721,9,1743597000,21,31,239,52,5,2,4,1,36,0.5400805682883442,0.6695392826112699,0.4405783001781288,0.6797856466201845,0,0.9150787726144635,0.2194431486932915
722,10,1743601140,46,66,242,112,3,0,1,1,50,0.5473278122177014,0.5650325374085529,0.05417204350134375,0.83848671613018,0,0.13819718803980208,0.6571664965217826
723,7,1743615240,62,133,322,195,4,1,2,1,43,0.7567522611283809,0.8633361740209837,0.3965038467246972,0.7163539613309406,0,0.39122615067426025,0.13225531850365768
724,2,1743619380,35,56,177,91,3,0,4,1,27,0.982644752336658,0.7842423529390328,0.9002522101178897,0.14863179983709962,0,0.6099110115559309,0.19406386785214313
725,5,1743623460,66,115,369,181,3,1,3,1,53,0.7957547867868081,0.6679520914227803,0.8049468003915485,0.9779273018640902,0,0.21189834990199563,0.7141492407324346
726,12,1743646380,71,120,452,191,4,0,3,0,41,0.503788612650468,0.6647586690232183,0.9274235685770654,0.7865862657683655,0,0.2252850437077768,0.12589041824989755
727,1,1743664620,57,64,267,121,5,2,3,0,30,0.16945317960717854,0.6622026342982749,0.15283158513241057,0.5727217686340125,0,0.4662413422913765,0.2801939513709779
728,11,1743668880,5,5,110,10,3,2,4,0,20,0.5882609716331706,0.525164744916564,0.5059577570388295,0.16523094073812616,0,0.36089509145992715,0.8980602679835393
729,9,1743675420,31,75,308,106,3,2,2,0,18,0.8342988867126859,0.463921644643847,0.5847281548129437,0.17268064857897447,0,0.6765756670198043,0.7383154782815458
730,4,1743694200,88,116,340,204,5,1,4,1,42,0.9324140636453325,0.7096004594987196,0.20992550999297444,0.6143311748601417,0,0.0750761955206275,0.9294595176410199
731,10,1743695220,45,65,231,110,2,1,3,0,48,0.8253103794941006,0.6104944814702311,0.20097023926897006,0.41619713300201133,0,0.48875866947781965,0.8818333419612034
732,11,1743708960,19,26,124,45,5,0,4,0,32,0.18896860636256352,0.4899805623005431,0.7820329326428023,0.6758595005151458,0,0.17425991771551697,0.3125794219753125
733,1,1743710940,77,173,536,250,3,0,3,0,63,0.7125758643493314,0.1266613539110416,0.6718519170522066,0.37242772489970266,0,0.6067250090007481,0.6323774344810366
734,2,1743732000,55,114,221,169,5,1,1,0,48,0.8801549474858433,0.7019287886531655,0.6471875368151602,0.5128451714565949,0,0.11621329176034312,0.3786956781217733
735,8,1743738900,74,122,403,196,3,1,3,1,61,0.6810169666269752,0.6459985705779654,0.26698745798301493,0.18795803796396204,0,0.19763186652941367,0.6971043316261096
736,12,1743740760,59,132,360,191,4,2,4,0,46,0.6857520409282152,0.3422484259735036,0.5067694242472068,0.1552011442938266,0,0.8038889828433134,0.34845702165091297
737,1,1743740820,63,98,295,161,2,0,1,0,34,0.5001622862510787,0.35632316621507676,0.023069953489327832,0.0756447636984906,0,0.23516699003801378,0.0013173718800592038
738,8,1743741120,61,129,462,190,4,1,4,0,52,0.6369762221255051,0.24672238413525227,0.1299460526004279,0.8196393048985523,0,0.7370653387938256,0.09393821517178547
739,2,1743745380,67,93,270,160,2,3,1,0,24,0.2943807192230211,0.9619152563650188,0.5182508627607912,0.5553862515796613,0,0.27306269968819097,0.7710123262227739
740,8,1743761940,95,192,469,287,4,3,4,1,60,0.0888100867857452,0.8602013628687226,0.3096722756319128,0.9471410399066623,0,0.2350275052338311,0.08400524477226101
741,8,1743762300,72,121,355,193,4,3,4,0,31,0.8277149047454004,0.5610490294122168,0.9656697568965166,0.749486281359328,0,0.2991547828812674,0.5994226832402424
742,2,1743776700,26,26,192,52,3,1,1,0,68,0.9431443073915157,0.40165314655851425,0.47148472326701063,0.768763160249494,0,0.8809319844227486,0.8577785123591923
743,9,1743800820,63,109,315,172,3,0,3,0,43,0.8568223353769442,0.7368252636964233,0.08356415635685066,0.5090584341970155,1,0.397165659336728,0.7411012368421127
744,11,1743805440,75,140,321,215,2,0,1,0,71,0.333913553780803,0.5277281761259972,0.01784234725531242,0.8154539365256507,0,0.24376052988397368,0.4134387948195407
745,11,1743819840,76,126,328,202,4,0,3,0,27,0.0935301513079283,0.975851033915114,0.7252578738476714,0.9420634453138168,0,0.5366394736969131,0.20860421529315298
746,1,1743819960,47,95,374,142,3,3,4,1,36,0.2801383876314065,0.05512261392215456,0.1715067380503139,0.7217402523354377,0,0.38564141178513567,0.9225374877418276
747,3,1743821340,75,123,369,198,3,3,1,0,57,0.8428353758099001,0.034285734053475125,0.18781236900505904,0.10558894088700133,0,0.7901975197716632,0.5663996817850598
748,3,1743824400,71,140,422,211,1,3,1,0,73,0.655814507633216,0.5686110179733733,0.42380722264067106,0.6510198592535063,0,0.9904456183130277,0.4054200592670558
749,6,1743830340,101,190,486,291,1,2,2,0,83,0.9666942441029371,0.20327922268890675,0.26406058915346464,0.12043321224109194,1,0.5265744426658336,0.9420576990232783
750,2,1743843660,41,72,231,113,1,1,2,0,50,0.3426810184371034,0.6043041635501925,0.6165770797461895,0.07722242241866784,0,0.4517488976528493,0.21501774387191086
751,11,1743862440,45,72,347,117,5,1,1,0,86,0.5514721202916424,0.7814230285471774,0.4856925072237638,0.692900405115938,0,0.34303539831388563,0.4422818724536215
752,10,1743867540,49,91,292,140,5,3,2,1,44,0.7900382216382279,0.13810976118487284,0.11145060147723007,0.8347854319240385,0,0.9733387322701378,0.10864570916350635
753,10,1743875280,46,93,283,139,1,3,2,0,71,0.23399194273181234,0.44060822418952794,0.7847408479094484,0.1588414907293666,0,0.483283276004682,0.12488026089953819
754,3,1743918600,38,109,392,147,1,2,1,1,31,0.9640899746596657,0.6886670834493552,0.4258588544142481,0.07414860796604472,0,0.1779968599360494,0.3985962559968351
755,1,1743927120,5,27,137,32,4,3,2,1,58,0.5923976724918149,0.8338635706729712,0.6108343195893006,0.8865228941920439,0,0.9692159053846761,0.6996603559850991
756,11,1743932820,47,104,298,151,3,1,1,0,5,0.00789756331965319,0.49634409003635727,0.003942332532681725,0.1322093369908689,0,0.960882125999357,0.3388939441541834
757,4,1743951420,61,171,462,232,2,1,4,1,27,0.025153275628012395,0.2061535869060216,0.626400033436537,0.03508609374373717,0,0.4357250523350765,0.6895979726030022
758,8,1744010340,46,93,306,139,4,3,4,0,59,0.8822160164015952,0.585799255585633,0.28284985703093446,0.721054368766489,0,0.34818601303295715,0.8051904692523926
759,11,1744016160,89,169,470,258,2,1,2,1,23,0.6452815277610775,0.45451706872499953,0.4943707432099935,0.8477155540953429,0,0.6804374466886354,0.8775779146533363
760,1,1744028040,55,113,450,168,1,3,4,0,58,0.7630725190638621,0.7719254270044859,0.29772060382128973,0.5144733414642263,0,0.8289241307856099,0.044719504053736925
761,1,1744054620,78,120,376,198,2,1,2,0,68,0.784016000956908,0.555576064202948,0.9962607446422428,0.5399252440937878,0,0.49853213228352744,0.7737316549730915
762,1,1744059420,59,97,195,156,5,1,4,0,39,0.42045977625077646,0.2794228449704308,0.23084231471162353,0.3368605127273786,0,0.3308129910530334,0.14714212222401812
763,2,1744065720,69,114,364,183,4,0,1,1,30,0.7986112461423018,0.7543929197211882,0.9128596014892566,0.23846319886623257,1,0.30139401086301343,0.6982622932993342
764,1,1744074120,60,120,361,180,1,2,2,1,40,0.9375324448125381,0.5177470129619597,0.9179666318299169,0.7552320701755861,0,0.32659872721441807,0.3716624656000017
765,10,1744083360,79,138,398,217,3,1,3,0,30,0.17217110776962163,0.1775465522783275,0.4210006529343677,0.8492844081210426,0,0.11803294012241006,0.7077932976948618
766,8,1744097760,56,103,338,159,5,1,1,1,47,0.7641363995420206,0.5630723231419945,0.30400311552335624,0.3212447581651967,0,0.7786204363552087,0.21382424450799686
767,12,1744110720,63,135,388,198,5,2,4,1,52,0.307792007615565,0.9483200598458729,0.38103554689879116,0.2738191848756514,0,0.10495986351913644,0.6449907189009952
768,10,1744116600,61,127,371,188,4,0,2,1,43,0.32149300305385387,0.7055162609377361,0.989339087391798,0.2677917195450501,0,0.39831449493385274,0.12551408706194056
769,12,1744144320,49,84,318,133,1,0,2,0,83,0.4127548510363862,0.2988033614579789,0.6187962273376061,0.05059541802235612,0,0.834943337140865,0.16974554765680694
770,3,1744150440,62,98,288,160,2,3,2,1,35,0.8637195199080855,0.7108731752928581,0.5447802378206386,0.28107502484038105,0,0.4041058956918999,0.6144619251645597
771,4,1744153320,95,193,458,288,2,2,4,0,77,0.022056067310049166,0.2826063110021789,0.035917881339427304,0.02565091696900501,0,0.29476179792595236,0.3367714916503607
772,11,1744163820,50,105,481,155,1,2,1,0,29,0.43392620681026395,0.5426888375412618,0.8478430303970257,0.7884076224683728,0,0.9482537238032672,0.7037780731138085
773,3,1744183620,62,79,242,141,1,0,4,0,51,0.6800476495692706,0.5265957637875528,0.083805455807199,0.25592682903096,0,0.12654375353301062,0.6851594354026874
774,1,1744186980,77,132,389,209,2,2,4,1,73,0.11041545828252197,0.24739087891180367,0.046972367034381346,0.6901551893513637,0,0.8848539027844743,0.6216339902550784
775,9,1744196640,75,138,321,213,3,1,4,1,72,0.7922535970174165,0.347881199879818,0.274858086117992,0.5431883855405562,0,0.062076798736804606,0.7305405412343178
776,10,1744200900,55,114,353,169,2,2,4,1,41,0.941902597897353,0.9421814547860456,0.4757886050575182,0.8374636299771987,0,0.41352941285256994,0.7939352406636638
777,12,1744201200,12,39,151,51,3,0,4,1,61,0.09093482107697859,0.2505985364154336,0.8952889600044005,0.9603787275570217,0,0.6317210554978671,0.911423282471824
778,12,1744204200,64,120,337,184,2,2,3,0,58,0.15294813783087813,0.8010270436309859,0.7900787990828386,0.367291614129165,0,0.3700383841416809,0.08051582948176017
779,2,1744216800,15,38,248,53,1,2,2,0,39,0.9740972249462029,0.66737058001214,0.197632144505843,0.08834081988963716,0,0.5346064209614584,0.5715490147784498
780,10,1744231920,81,147,437,228,5,1,2,1,62,0.19785564078574158,0.5326291325257645,0.37207952842727654,0.7496457643859228,0,0.20400166658718222,0.7487768336204009
781,11,1744234740,58,90,328,148,3,0,4,1,87,0.07893967570320448,0.13751486946516345,0.7802402646188827,0.021302326199183375,0,0.5690345174668368,0.2169414566698773
782,9,1744245480,72,124,279,196,2,3,2,0,59,0.9521925363959002,0.2045707527063778,0.5270924474690973,0.22296333448624628,0,0.13455871689923815,0.26362114297694594
783,10,1744251480,38,68,347,106,5,2,3,0,61,0.8926227098094689,0.17897762359040392,0.17449194202407925,0.05325066847313853,0,0.7960963160895763,0.2669643443354208
784,11,1744261500,27,47,154,74,5,2,1,1,63,0.6557254727331311,0.5867942589737524,0.3960552026783334,0.8981483716198154,0,0.5837899134421298,0.5723329714745182
785,6,1744261920,59,68,332,127,5,3,2,0,20,0.5514309272875533,0.9733831967184781,0.6259358045097069,0.0052970817015722815,0,0.48193211481885256,0.36617056846565976
786,1,1744263600,54,89,349,143,1,2,2,1,59,0.9192326963027704,0.8772392627749948,0.9732256748088347,0.4927421650152318,0,0.054666795833081316,0.6660947401215991
787,6,1744265940,46,83,314,129,4,0,2,1,29,0.6555200751114227,0.025251882929577252,0.661812054856409,0.42399912715898014,0,0.49977433591672227,0.6102396819679363
788,3,1744269600,56,95,267,151,5,1,3,0,38,0.65839665931507,0.2737266244623465,0.016195162231396942,0.6527446645481395,0,0.5635694303612403,0.6571118331030485
789,2,1744275480,104,182,491,286,5,3,3,0,93,0.843685564201953,0.15725745893702214,0.7050082766325282,0.2897440885692498,0,0.26566751340716455,0.2523176168092264
790,2,1744281600,70,135,366,205,2,1,2,1,44,0.6532456772924209,0.9756778418979017,0.2508648074572305,0.8736954004694584,0,0.6775903409082219,0.7673713758229969
791,9,1744287600,73,109,339,182,5,3,1,0,35,0.5036768870376775,0.23561023459781505,0.8621589142138149,0.7343457415813933,0,0.07676514871352058,0.6640355507686939
792,7,1744289100,70,93,293,163,3,0,3,0,73,0.3897214978984479,0.20131318503879392,0.38388990822613855,0.4322944259922329,0,0.20868908144849574,0.13064961263145092
793,7,1744320300,81,138,294,219,3,1,1,0,31,0.5031338927912408,0.6208752935822592,0.19961503775430023,0.35802624951254136,0,0.7375485173242352,0.20017285240906635
794,9,1744324800,51,107,390,158,3,1,4,1,41,0.5224786490871944,0.5561865835747865,0.4679471865102345,0.8158882474975845,0,0.14722221892602416,0.3009651463064651
795,7,1744333440,18,66,247,84,4,2,4,1,74,0.3608318811182518,0.22585148378123487,0.25519797431500546,0.7570602985357707,0,0.2455488196226161,0.9360415078387312
796,8,1744354860,51,107,309,158,1,0,1,0,50,0.44811840898034605,0.6703648645372422,0.23582148849785056,0.3990000580240475,0,0.6508553479043843,0.32634986360423335
797,2,1744356300,69,94,279,163,3,0,2,1,18,0.8018719328635212,0.09700721129468914,0.573261800773493,0.3413718626101272,0,0.7288417038111124,0.019879082665319237
798,11,1744365300,37,61,259,98,5,2,1,0,60,0.41651336867588784,0.019369066030892168,0.7673462708508795,0.038887989662542144,0,0.05148925462343201,0.1416257376588499
799,6,1744370640,51,96,267,147,3,1,2,0,42,0.02555976663542936,0.08241479070634683,0.8349543741598756,0.08170724544014563,0,0.12658941325221507,0.032171823650812836
800,2,1744388760,42,79,165,121,2,3,1,0,80,0.28301932177384914,0.3648682259757726,0.39766987047039104,0.05391845555423469,0,0.44611800584326267,0.4028392441432166
801,10,1744395840,82,158,456,240,1,3,4,0,37,0.23174186409169817,0.9750163278748174,0.06680376359693929,0.024415486348026816,0,0.5927949448321963,0.797153400969704
802,9,1744400460,68,104,353,172,3,1,1,1,71,0.7935820118319684,0.5472469988093639,0.48397499846555336,0.15287238214078092,0,0.4537812343456108,0.45043578058900335
803,1,1744400580,66,120,350,186,4,2,3,1,85,0.4492930584718088,0.7547261030154672,0.4337814770283859,0.8571418176805748,0,0.6470699928117579,0.8389941347931467
804,3,1744429740,66,127,316,193,3,1,3,0,32,0.28031054303513314,0.32149575223155935,0.1969789482530394,0.7981593107558651,0,0.7559929065219589,0.0475293213607374
805,1,1744430940,54,113,350,167,5,1,1,1,46,0.8107048838416246,0.7193390654833292,0.8961449011441202,0.8455738478281971,0,0.9495438475079023,0.46972286414476394
806,4,1744441440,58,88,222,146,4,2,4,1,57,0.01921680455661201,0.9661811981223575,0.9741482530206889,0.6238003614254719,0,0.34988071312944713,0.7870753721294209
807,2,1744445400,33,52,172,85,3,1,1,1,32,0.1742508427312176,0.35776089028205327,0.051747188033081426,0.62406310124067,0,0.1631047685044661,0.6747222176539506
808,9,1744480980,15,5,92,20,1,0,4,0,55,0.8269548193958,0.999059434735025,0.7957463798574325,0.12393174655301664,0,0.2640840042882039,0.8528255371404669
809,7,1744482720,57,90,342,147,3,1,3,0,45,0.5506517276604026,0.6384099510316661,0.6457165579415387,0.6989653536423868,0,0.14816444505179105,0.2738347239095751
810,12,1744511940,60,97,295,157,1,3,3,0,45,0.7736497745794804,0.7485914124647238,0.261436258165908,0.280026410870473,0,0.3942456419729161,0.5008507962880486
811,9,1744556580,76,116,329,192,4,1,4,0,50,0.8381760147620776,0.25216723884814995,0.6351561182828129,0.5192533297862011,0,0.8725672659015655,0.6768785783422281
812,8,1744559940,83,152,521,235,1,1,2,0,51,0.9419634885885396,0.6430907691772416,0.1286431916834745,0.9547226038008574,0,0.34705989694435657,0.1684899561587876
813,7,1744561140,83,148,433,231,5,2,2,0,53,0.06342459930333799,0.5110062514623874,0.06940650829749728,0.8706153943184273,0,0.14882270222259675,0.815806714677037
814,1,1744572600,37,21,178,58,2,0,1,0,38,0.799234743298472,0.956402645477436,0.9934890750522605,0.23319350729579214,0,0.5226328820229693,0.3114700507909728
815,1,1744575900,48,90,281,138,3,1,4,1,38,0.7087661482198349,0.9046750477895155,0.6363698584586601,0.7366506157002934,0,0.9919438166601401,0.09330730391569475
816,8,1744580100,63,94,278,157,1,0,2,1,47,0.20702560067655917,0.3966725989250772,0.2532226245332335,0.10409074995921108,1,0.18818121866875948,0.7657012906819606
817,1,1744594680,100,189,388,289,2,3,4,1,49,0.9317022663401231,0.9468697515382334,0.45003395590376594,0.026742485744032596,0,0.7778749517567218,0.7050179797319802
818,1,1744617540,81,120,408,201,5,3,2,0,41,0.40420188030639204,0.8848125527500097,0.9500881822978404,0.028174274781860187,0,0.8233589435743026,0.8836797532844392
819,3,1744627560,75,135,412,210,2,3,4,1,56,0.8876105274548042,0.5903838503691392,0.4387250683868097,0.17024648421801236,0,0.40133834350100184,0.8920747454371241
820,11,1744645260,48,80,271,128,3,0,4,1,13,0.6051137046649254,0.08211790878954028,0.9004445320023442,0.6949484020937929,0,0.6195514386645249,0.2785257845815775
821,6,1744646520,39,76,265,115,5,2,2,1,35,0.5267479465409566,0.16079024065953773,0.8688091979784617,0.36330589345801867,0,0.4323734507511886,0.6413627752178199
822,9,1744673520,69,126,408,195,4,2,2,1,44,0.1595239338959794,0.07687424467380022,0.3441563160908433,0.015942438966691785,0,0.26232693653997186,0.999122996171992
823,5,1744674960,35,57,156,92,1,3,4,1,32,0.9143276242873128,0.10799311464906103,0.6960090040771025,0.9880226313768419,0,0.42611880007236025,0.24380654846107208
824,3,1744676220,50,59,208,109,2,0,1,1,82,0.5566619073622462,0.9769523743930777,0.6604985037825924,0.5333784032319931,0,0.09529013663007158,0.4728766685586181
825,5,1744679460,52,64,191,116,2,2,1,1,50,0.0060924054968174435,0.2121672992161523,0.7712118706198419,0.39388021511131754,0,0.7069561136608927,0.9101663646405085
826,2,1744687500,83,137,482,220,2,0,2,1,53,0.01828454107028321,0.690854582340663,0.36592916426748545,0.5188498950488314,0,0.8291930316293041,0.10307964152659632
827,10,1744689420,48,86,335,134,2,2,3,1,40,0.7776326050180475,0.6365282576827697,0.05223649849813272,0.5199709098585499,0,0.30739993337048277,0.9282498975561949
828,3,1744717200,11,7,23,18,3,3,1,1,49,0.16193635337838963,0.6311448648530038,0.171039241112511,0.4702365770929937,0,0.5664768243799825,0.48815559456177626
829,5,1744719900,64,127,298,191,2,0,2,0,25,0.5987384356281452,0.2067039995960298,0.6165536876737592,0.6129489044649707,0,0.23214853203943642,0.8930407885720016
830,12,1744743060,42,70,253,112,2,0,4,1,46,0.6810819619339803,0.5793465943846096,0.7751001868973535,0.8856266198683065,0,0.1274604501728117,0.6213714108268801
831,8,1744770000,55,79,254,134,3,3,1,0,31,0.27936559294849683,0.6255383495849516,0.756048634535596,0.30171369207708654,0,0.6636185651121598,0.6714355470230783
832,6,1744776120,53,89,231,142,2,0,1,1,44,0.5693138084114124,0.5704053166451111,0.5836815851150307,0.4869686228459622,0,0.13410759650791237,0.7729857514279932
833,7,1744800360,50,94,405,144,2,2,2,1,5,0.2402587459890747,0.18616246727567864,0.08475814571489249,0.003643996196768695,0,0.7819790692061673,0.06713609198416803
834,10,1744818300,69,130,395,199,3,2,1,1,27,0.9463154273679505,0.7230605970747089,0.017288627185812477,0.8598142813182026,0,0.2717545487509241,0.6277683390396395
835,4,1744823880,27,86,315,113,5,1,1,0,79,0.860170156349167,0.07324316191651103,0.7821417573220727,0.30590388891311626,0,0.8185133930026607,0.9239372447718588
836,8,1744841940,45,67,219,112,3,3,1,1,66,0.28804279149746914,0.5912000118196219,0.5493764341898627,0.2712968983283689,1,0.36850457439042694,0.9561237239599569
837,11,1744854360,67,119,394,186,3,3,1,0,76,0.5288144909503397,0.4362593324013133,0.7827121027315078,0.9975371692110346,0,0.3688425926429848,0.9683214440033527
838,7,1744857900,43,85,270,128,5,1,4,0,77,0.5006328571539057,0.25028659313307366,0.16278846147938886,0.5843929387451879,0,0.7505727606724842,0.645832879267937
839,6,1744898040,26,46,197,72,4,0,1,0,63,0.960023257950074,0.8073889890261388,0.40742317077114354,0.12304324614099027,0,0.5102657746354712,0.633286848124865
840,2,1744908480,67,110,370,177,2,0,3,1,40,0.394028780183854,0.1758925666721839,0.9191692870779731,0.265524969893571,0,0.20097742640987393,0.5524650667772937
841,3,1744928640,75,104,246,179,2,0,3,0,29,0.5622275546215668,0.932981759897951,0.17159799124716568,0.35322658826631137,0,0.850408548053435,0.6075533591516893
842,12,1744934700,54,86,371,140,3,3,3,0,72,0.9287065948874371,0.884565028321187,0.06152690381254433,0.9860600478706539,0,0.34015320923575953,0.6121179303831606
843,7,1744946220,19,12,153,31,3,2,3,1,51,0.16281105117655814,0.36058754716208297,0.6534673837817484,0.43062167791485795,0,0.10277676083840148,0.04240826852168866
844,4,1744949280,67,86,356,153,1,2,2,1,99,0.5504856032783381,0.3051529308585933,0.5945363406217563,0.23013398829280907,0,0.4160010449228776,0.08887128593342086
845,6,1744953240,25,29,124,54,1,0,4,0,42,0.10567292036182963,0.13748668341890213,0.9520305058577333,0.5697309674128171,0,0.573961763169679,0.6194165717642494
846,7,1744968720,60,87,247,147,2,3,1,1,89,0.6174989318185006,0.9163278159339558,0.9064684210548758,0.4047596580570104,0,0.6098853339390975,0.3142164300384853
847,7,1744990680,39,81,223,120,5,2,1,0,46,0.36568320338700466,0.627531858823272,0.749430390220571,0.05496038814187043,0,0.8356078453038202,0.30142548500990074
848,9,1745034900,34,73,278,107,4,3,4,1,76,0.9676360731796007,0.031783582143403155,0.019157237878252187,0.8609196124543255,0,0.5414068237934746,0.1934406393149698
849,4,1745042400,47,66,255,113,5,1,1,0,83,0.4154091811485263,0.5109994145616105,0.48038696840656014,0.015687527283303915,0,0.22371048306735009,0.8010699694340887
850,8,1745042700,51,86,268,137,1,2,1,1,29,0.13618763754170682,0.0857989478293869,0.8961019365370388,0.8984836357454766,0,0.26166633073590806,0.9643285037206298
851,6,1745044680,43,40,149,83,3,2,1,1,40,0.8339999609284041,0.5737506849528418,0.4336510881144773,0.7918587036018022,0,0.10084058829440268,0.6277580031966358
852,12,1745046720,65,107,270,172,3,1,1,1,29,0.8208666914229141,0.5089617183208125,0.9621457196129947,0.07582321014241111,0,0.7359242892362617,0.945419895606422
853,2,1745082720,46,90,297,136,3,2,1,1,25,0.6948596195427844,0.08284604550272201,0.6524879806439825,0.7236110778130539,1,0.10594154649975795,0.8838841565103875
854,2,1745086740,72,146,388,218,3,1,3,1,63,0.748811801884228,0.8158605931167728,0.10945712754279413,0.7709416821393189,0,0.6058126322747955,0.21792697843303122
855,6,1745090940,60,93,271,153,2,3,3,0,46,0.26471521768940687,0.26231717716627767,0.5092720751866835,0.6023070734286845,0,0.5969473940466132,0.15352590117687137
856,7,1745120160,42,96,389,138,1,2,1,0,51,0.6420535004227813,0.541484364166699,0.6956171356451476,0.5776708001561233,0,0.7855035569753578,0.21158678552861332
857,9,1745128680,39,39,193,78,5,2,4,0,61,0.03801987120539363,0.6390388766305344,0.06536897223962068,0.04968702624797405,0,0.0746296996854211,0.09620938386557487
858,5,1745133300,25,20,223,45,5,2,1,0,12,0.19689014389003456,0.9623045335751665,0.34464953207076743,0.05949637182278256,0,0.20291134351117135,0.5828791669869586
859,11,1745133600,60,122,337,182,1,1,3,1,75,0.9322794475530867,0.49381169287984594,0.7170810630539863,0.7272886498356969,0,0.9095623770231385,0.2826500428375629
860,6,1745134620,48,119,370,167,3,3,4,0,43,0.7392352970826587,0.9173157722879235,0.1570713623070341,0.10556517891890982,0,0.5722368294620122,0.9129166947514298
861,2,1745137260,12,31,179,43,3,0,3,1,60,0.23067254098925782,0.35485734134769886,0.3483398982705226,0.24184410070647755,0,0.4576902131100785,0.6134077732272357
862,2,1745140140,45,80,195,125,4,2,2,0,62,0.1113830895192881,0.8574372016499949,0.6899103224672339,0.49883659382335876,0,0.7476762654622817,0.35961055576873135
863,12,1745146680,38,24,239,62,5,0,1,0,77,0.9489194448685015,0.23582622695141675,0.7755409018641138,0.16416367361268158,0,0.9025304510891583,0.9846406319643816
864,2,1745156460,83,108,329,191,3,1,1,1,47,0.11218766606013275,0.7074797624354178,0.5185117938254206,0.7898395605500256,0,0.26300963694954893,0.9531944958918703
865,12,1745159460,24,45,247,69,4,2,4,1,7,0.2570700480472482,0.08861199375499651,0.9568575277000096,0.8073780237790886,0,0.9014756288113434,0.7786152353092003
866,4,1745168820,29,45,172,74,5,1,2,1,51,0.18263399299945715,0.9860503566836593,0.9253308587989965,0.842143211260892,0,0.10869462604075364,0.7916836754396348
867,2,1745174820,74,111,333,185,5,3,1,0,54,0.007463820411767963,0.953936399862368,0.4734370539077851,0.04956812077470496,0,0.977683047729878,0.9772701315244898
868,4,1745194020,79,143,362,222,2,2,3,1,29,0.314134774098044,0.4422136385173777,0.16027441011132237,0.4278731612336244,0,0.16485182509961016,0.6004562226399603
869,8,1745202240,41,76,333,117,5,1,3,1,52,0.9741788715987626,0.5239352179902536,0.7729315638839585,0.8469176727143358,0,0.26623636860229394,0.8800198493318545
870,6,1745209740,43,96,327,139,3,1,1,0,42,0.34190330580935646,0.5977748623180221,0.24313957539314401,0.3632193903066989,0,0.09659394009164124,0.06482772229999068
871,10,1745214900,66,121,380,187,1,2,1,1,23,0.5043048794677737,0.27503755968967003,0.842821309999105,0.6958203783230225,0,0.8036765068866004,0.5540625194543223
872,8,1745222100,13,47,281,60,4,3,1,1,63,0.7459357839217814,0.6744714352051626,0.5871443411550983,0.5892459041900096,0,0.9842320620416789,0.5025163394683246
873,5,1745226000,21,37,251,58,5,1,1,0,38,0.5510801020792161,0.698561946604516,0.3940930063977466,0.3472086167071786,0,0.2969765085697681,0.037723862220849
874,8,1745229060,49,85,328,134,2,2,3,0,41,0.7435915074123066,0.5250764923252756,0.5563833585825442,0.27640482909042374,0,0.32561196040179385,0.08695198532413306
875,12,1745238360,82,168,384,250,3,2,1,0,40,0.6616358681905152,0.1477406924852177,0.5328087684579272,0.6527430920994067,0,0.27897990338000256,0.02183892401687315
876,5,1745242740,47,65,215,112,2,0,3,1,74,0.6085630229990148,0.9191859438916,0.9247328458999177,0.133624137002897,0,0.1548281002149251,0.29401500448644635
877,2,1745246880,56,157,383,213,1,3,1,1,49,0.6496489072117452,0.11504508234561528,0.21436304976156284,0.8601225190877586,0,0.7874442167386926,0.053511229516276404
878,5,1745281320,75,142,440,217,5,2,4,1,51,0.799164362078251,0.6291721687105114,0.9281584525516764,0.5764434410807034,0,0.06071984000912245,0.42315968476080157
879,11,1745293800,92,173,474,265,1,0,3,1,41,0.7101913948011042,0.10308859660975511,0.0313410414598555,0.11150350512583918,0,0.9677741304742827,0.8127464113729175
880,3,1745299260,44,89,228,133,3,2,2,0,59,0.7917749207051915,0.1461007091329226,0.7692032815330766,0.7035276451933636,0,0.9273155245090483,0.6138298084364827
881,12,1745311200,54,134,378,188,1,2,2,1,76,0.14559763828353134,0.020538314028828997,0.9196681307115652,0.431112549882419,0,0.1184390852842464,0.6737899122966347
882,8,1745330580,87,172,389,259,4,3,1,0,62,0.6776737327105403,0.36336408385675956,0.39405219098652955,0.2040814153631757,0,0.5295238512104824,0.03150668710963589
883,8,1745373300,27,16,149,43,5,0,1,1,63,0.7370219123255332,0.6395825644220379,0.07306718699526726,0.9610692929248661,0,0.9928513586443369,0.8395263602558672
884,4,1745382300,73,159,355,232,4,1,3,0,62,0.2999664324968345,0.521544219732872,0.8046675314937101,0.7196477850144256,0,0.8526192490484263,0.14619037938299073
885,12,1745382900,36,57,260,93,4,0,1,0,22,0.8745773278432823,0.6745391512484857,0.8428648556917351,0.5929936233279961,0,0.7151337259585594,0.30265087603248697
886,1,1745390580,56,102,342,158,5,2,3,0,32,0.3047116033027004,0.6750188608709529,0.3362573879884535,0.8488671810593617,0,0.022460945440901936,0.5167938949333865
887,4,1745391480,50,64,343,114,5,2,2,0,45,0.2438321193764973,0.14017374399423865,0.5185932856859061,0.5438697898821526,0,0.06837744536824142,0.9299934310131585
888,6,1745428380,37,77,316,114,5,1,1,0,35,0.8670968154805112,0.05733740342171556,0.8094690680101495,0.44147061233290386,0,0.7940170984426924,0.9981491683734627
889,6,1745430060,37,53,204,90,2,3,3,1,28,0.2470198381164267,0.6253581404346699,0.19204297725011954,0.1894468598607083,0,0.37644485419096874,0.7826606836214098
890,6,1745430780,59,108,376,167,3,2,3,0,12,0.4155024624318001,0.6532243049752426,0.62897575639127,0.15339042511817869,0,0.6684318774590476,0.7293142237274692
891,2,1745455740,72,123,296,195,5,1,3,1,23,0.3679228300368189,0.5567037351417045,0.43063065951581914,0.4319693163718482,0,0.739181627043158,0.5276823307120317
892,3,1745461920,52,132,335,184,2,0,1,0,44,0.8980618225582724,0.24576246632407073,0.17441575225426353,0.4559745790275158,0,0.4221841775250891,0.665627337999162
893,2,1745469660,56,140,416,196,4,1,3,1,48,0.45523573828796426,0.8107652169822539,0.8314402072509596,0.7333125052307272,0,0.14338175070077952,0.14442417542835373
894,7,1745475960,65,117,246,182,1,3,4,0,34,0.6943089332962156,0.07568601549625709,0.3246808321999267,0.4420850100368764,0,0.3866945030792118,0.2691961205748493
895,5,1745504580,37,67,252,104,5,1,2,0,51,0.794038904643829,0.6323117893213593,0.9344261156550162,0.5931592005654178,0,0.8710484423186046,0.9846428634970845
896,7,1745514000,68,114,296,182,4,3,4,0,41,0.6279035807471762,0.12041153587937214,0.568933869819802,0.832518524076246,0,0.3310857790319788,0.9796150231455384
897,8,1745520900,69,146,417,215,4,2,3,1,71,0.9436944983249147,0.6544477164332296,0.5145099813847384,0.9933346955105418,0,0.06264944259457306,0.322972394662813
898,9,1745522100,101,175,416,276,5,2,2,1,46,0.8025075292560081,0.41772578782349645,0.4233059442193591,0.32252531515128247,0,0.9591314171847817,0.24104857257155932
899,7,1745553720,48,77,295,125,2,1,4,0,63,0.40020662767486315,0.7181030554376714,0.4006708898563054,0.9019544637283687,0,0.6806769089738685,0.22951807481741848
900,8,1745556540,46,102,324,148,3,2,4,0,54,0.9508118432576832,0.05219220247693468,0.8179662748371039,0.8060508718535989,0,0.5408567519375659,0.4848643835041996
901,8,1745586360,68,111,412,179,5,0,1,1,21,0.5245748332713341,0.555082988480368,0.677500849486126,0.06800669031955309,0,0.8291073466812379,0.2237665797911056
902,8,1745586840,69,123,366,192,1,0,4,1,48,0.022577322944895895,0.14487789888007963,0.7736901311234224,0.33415893085389126,0,0.4111606780970959,0.6484966325506943
903,8,1745608860,45,49,179,94,5,1,1,0,25,0.2600132796528968,0.6823816316104737,0.4210841596112086,0.21904295983438338,0,0.9851157940105953,0.07481981135393523
904,4,1745614920,47,98,303,145,2,2,1,0,47,0.6217295870372666,0.11995563131168241,0.26143722470273545,0.664384272422998,0,0.8575730693978237,0.10367722241922672
905,3,1745661720,64,154,360,218,3,2,1,1,35,0.15681490232443673,0.07358332295192582,0.08686521852818196,0.5552991362176882,0,0.28054474165599075,0.2769342749358006
906,10,1745680860,40,86,312,126,3,1,2,0,57,0.5840680448932036,0.7131227981836126,0.7766559899840447,0.49485105258955364,0,0.37104798717763987,0.7774432333784282
907,5,1745682240,47,113,375,160,4,1,4,0,23,0.3615980223075298,0.06353193456828232,0.41527643051770413,0.7635637638075775,0,0.2757429641984457,0.32328953904201196
908,7,1745683680,56,83,409,139,5,2,3,0,50,0.534385480058274,0.22453081793151608,0.509223592096683,0.3333086958119834,0,0.6593408428482387,0.4708167822838516
909,3,1745687880,72,134,356,206,2,2,3,0,61,0.0018748478732528717,0.8247351971256721,0.46934323519704535,0.3827522955532656,0,0.6393319310674046,0.6566220460091815
910,6,1745725680,44,60,226,104,1,0,1,1,68,0.8484213546686984,0.8096883078082263,0.4311378563692402,0.8656339482254493,0,0.522505873512717,0.7885399219729738
911,7,1745735340,21,33,157,54,3,1,3,0,34,0.36192548777552835,0.854125757780776,0.6838995770678498,0.9722085092600066,0,0.965840374572831,0.30710902122465267
912,8,1745744880,20,51,232,71,4,2,2,0,50,0.14015843427795305,0.3260998895887137,0.6087341157586086,0.7763573407678322,0,0.4722752881776897,0.7309694111642221
913,7,1745764080,32,59,257,91,4,3,2,0,53,0.43791585700507996,0.5280480287502093,0.9720537986443055,0.21707097477722626,0,0.7837223941965653,0.2860674043513326
914,5,1745777340,31,27,171,58,4,1,2,1,80,0.4861772934888341,0.773347352606152,0.13890390764923166,0.11265163216384733,0,0.6580951171766698,0.6444662083666057
915,12,1745790180,52,67,308,119,2,3,1,0,20,0.6374027104961889,0.13698551501108047,0.5735193132327168,0.209205147765802,0,0.5181849401446683,0.4508801407946915
916,7,1745810880,33,31,151,64,5,2,4,0,31,0.5245624403522797,0.7243908792157182,0.06324016340231398,0.4227613650228964,0,0.04209510721139831,0.9266278193506025
917,10,1745820000,42,85,339,127,1,1,3,0,106,0.04352358206706264,0.09748634939465461,0.8079184187081999,0.23669702774763823,0,0.6574950238201316,0.9820933862211272
918,9,1745834220,41,115,376,156,1,2,2,1,44,0.8715123220777647,0.9132506086268677,0.6163113332510931,0.9010411480720117,0,0.6425950842762254,0.7741231076902921
919,7,1745839560,47,111,341,158,1,3,1,1,12,0.4565089317869613,0.6373101825116259,0.4283788159925379,0.6707229017674402,0,0.12487399459254811,0.9154643356434318
920,11,1745847660,78,102,308,180,5,0,4,0,38,0.07698777253300892,0.49330531268975586,0.8022356546439461,0.4167292447830141,0,0.7959149753606658,0.1365042420241911
921,2,1745858100,66,147,535,213,1,0,2,0,5,0.7728282365291851,0.4847292546671642,0.45500260849157825,0.2738117328615608,0,0.4669940834450421,0.6544639575479145
922,12,1745863500,55,117,313,172,4,1,2,0,54,0.6601544187830682,0.1813620478449104,0.22778609531344718,0.38066100514096435,0,0.3241460144048087,0.19836794157240822
923,11,1745882100,46,51,236,97,5,0,3,0,66,0.6494377727692218,0.3459173724546537,0.4725007611103369,0.4760505953667302,0,0.8239593858459658,0.2769685049724483
924,7,1745907780,47,78,238,125,4,3,1,1,31,0.42691400173556104,0.7271236653171491,0.07083179663733918,0.7138223521757286,0,0.3433709594978237,0.5228232412156282
925,9,1745909760,60,129,467,189,5,3,3,1,40,0.4104970626209884,0.5409436208543885,0.8978611096393875,0.0893415582288789,0,0.6218507912838264,0.741987269043999
926,7,1745929620,65,128,420,193,1,2,4,0,68,0.5363386363873428,0.5293062041002629,0.7309583747344611,0.8488329397889457,0,0.6179148014564922,0.7214940741954778
927,4,1745930340,38,42,170,80,3,3,2,0,14,0.05059441289910327,0.1952458945455794,0.7603157862150277,0.12756003113018,0,0.05280598257326696,0.8694593419570432
928,10,1745932860,55,111,367,166,3,0,1,0,23,0.29895776421792086,0.690362311953684,0.8744933040184423,0.2624500819724379,0,0.4228336305747159,0.5592748521265871
929,3,1745941980,18,5,142,23,4,2,1,1,45,0.9878941735623735,0.3920339010613503,0.7915725888150836,0.9935898957725838,0,0.22277874993195645,0.926342653389574
930,4,1745962800,58,99,292,157,4,1,1,1,34,0.6621924891280758,0.18275333843853414,0.4318525902534398,0.19020863404425115,0,0.19957066190105588,0.8878885956869932
931,7,1746002220,68,145,447,213,3,1,3,0,44,0.4189341654173221,0.9437847515963292,0.11863640152544963,0.10114218778634565,0,0.6549618886272098,0.8490574894804904
932,11,1746013440,49,88,315,137,2,1,2,0,24,0.22236310294045303,0.5067987468656051,0.37336477998095274,0.6384053019187983,0,0.011409995285753705,0.22952010780434928
933,5,1746014040,87,146,422,233,1,2,1,0,54,0.7452093619002335,0.5280366475123655,0.9340847143797223,0.3931290798512249,0,0.9690789782144964,0.5314479931871966
934,6,1746030480,39,87,291,126,3,2,3,0,47,0.2602903097061914,0.9813719102148061,0.9490904912313797,0.09183543426850871,0,0.39539100600482113,0.736236597043577
935,1,1746032940,58,123,387,181,2,0,1,0,60,0.16237010384629535,0.3664061371704934,0.7678708655237956,0.003742428349045035,0,0.2988035284449051,0.9761025078445899
936,2,1746035640,54,123,377,177,3,2,2,0,54,0.15451490023428727,0.9430206845624496,0.2044305830713875,0.0791615763814778,0,0.9199743999374573,0.011647273737110275
937,1,1746036660,53,112,346,165,4,3,4,1,54,0.7292632791647324,0.69492536113548,0.19444985846416063,0.5227355787719067,0,0.48667214210684495,0.3271145339450987
938,1,1746043800,52,115,317,167,3,0,1,0,21,0.6428102542887174,0.6330956327447999,0.8797715108807204,0.23089294513094227,0,0.6143252514852777,0.3423502525858485
939,11,1746048120,56,115,434,171,3,3,1,0,59,0.06980609937123061,0.2344183019424806,0.14191592301112477,0.7775521343189499,0,0.6958507486369615,0.28853456978185676
940,11,1746070200,70,131,329,201,1,2,2,1,43,0.11504281536220251,0.05175567238779011,0.5841374773324892,0.857508633071743,0,0.8714112734844635,0.8174242997629452
941,10,1746083820,79,143,427,222,4,1,3,1,46,0.6338468673535771,0.4377838382851388,0.3782516822790678,0.14483301771529433,0,0.1297419898170561,0.04507143664340407
942,1,1746088560,54,92,287,146,3,2,1,1,70,0.571116101872159,0.010170961995725092,0.3020110079611765,0.33701987073447015,0,0.08165317909202363,0.35943475000846337
943,1,1746092460,69,99,405,168,1,2,4,1,35,0.6859990603718135,0.07100251077038344,0.6773820256769805,0.14657412546819748,0,0.9937107843347391,0.7116846082760352
944,4,1746100200,42,56,186,98,2,3,1,1,77,0.17803890836326197,0.595326755694373,0.9595690766519378,0.2866927035819472,0,0.008883801626070498,0.4067397191069835
945,7,1746103260,68,116,315,184,4,0,4,0,78,0.7265879062171671,0.7244718330730274,0.7776337382402986,0.2392044187505713,0,0.7081947536150259,0.14406358369224936
946,5,1746103800,41,78,227,119,5,0,3,0,65,0.9360964673305497,0.16794833192427694,0.48616259310155396,0.7868649009371865,0,0.611065361958621,0.6108524727590875
947,6,1746108540,74,162,460,236,3,2,1,0,30,0.6010503145354412,0.7325004126737739,0.4407115082022164,0.3454796780140662,0,0.5525510217091669,0.5226102363936188
948,3,1746111660,94,168,387,262,5,1,1,1,6,0.19613001964278387,0.9497258265947518,0.9076641883223868,0.49556479874417636,0,0.7858279591800934,0.9818388361158688
949,9,1746125760,52,113,322,165,1,0,1,1,71,0.6795438552841065,0.7431760807261967,0.578107098473754,0.6738951054729815,0,0.9924729476354587,0.7485262191212092
950,4,1746137160,15,48,108,63,2,1,2,1,52,0.3430816835460644,0.7847152195750329,0.49663902306619523,0.8222566491521867,0,0.04688582149392739,0.986175987845684
951,1,1746139920,45,76,284,121,5,2,2,1,35,0.04928774638572142,0.7007125802683718,0.6828358695314231,0.3012090903224518,0,0.6145304926431803,0.1863526411160017
952,9,1746161400,77,150,394,227,1,0,3,0,73,0.30233869535249847,0.2247374404547512,0.23715381712952643,0.20922066770401915,0,0.7167776685390507,0.7615950092779024
953,11,1746170280,64,110,265,174,4,3,2,1,32,0.905585101950132,0.36088994215583603,0.06373548757487968,0.9784533737558676,0,0.30593930617301857,0.5516382196999167
954,1,1746202800,59,132,438,191,2,1,3,1,41,0.4111393201759752,0.9492669627698173,0.855111440485344,0.32014754464749695,0,0.8928613849209311,0.7125094992012175
955,6,1746218820,73,144,342,217,2,0,2,1,60,0.8646653380310924,0.6612105789701187,0.6072617006994568,0.6710680991808755,0,0.45699284144971186,0.46755146250788937
956,10,1746243900,63,89,337,152,3,0,2,1,27,0.5086593435227916,0.7890247339340722,0.16487710122506882,0.6778410406778043,0,0.1644784619519467,0.21239081971291696
957,9,1746278220,76,140,364,216,2,3,2,0,47,0.5169779889596,0.9686946188446773,0.2980479265007472,0.514029445599541,0,0.8544078160203,0.045736663465124505
958,11,1746283740,71,160,520,231,5,0,2,1,71,0.005216321064894336,0.23143692051266573,0.9899335125895308,0.22844744548455698,0,0.9429256204246439,0.838288257326695
959,5,1746295620,82,143,443,225,5,1,4,0,54,0.6371040732889721,0.3216866673265535,0.6344236324636553,0.14145742095417624,0,0.0995149183687436,0.8148083485866593
960,5,1746297480,61,118,305,179,3,2,1,0,74,0.10781384503042024,0.6448016528344996,0.6361121409671224,0.4870161449144311,0,0.7516808671545532,0.16253973378633635
961,9,1746300480,71,138,350,209,3,2,2,0,72,0.4787484146820543,0.024357473784007322,0.07216366320872203,0.510929536711377,0,0.21501421916521968,0.6451808995438405
962,2,1746302940,49,67,284,116,1,1,4,0,50,0.2603168556580989,0.5712190773337057,0.9689917342439318,0.7733667567747976,1,0.006722217669021702,0.7377337005321614
963,3,1746309600,44,89,284,133,2,0,3,1,5,0.39238296582931487,0.8086883795144988,0.8927828895587206,0.7098334439521935,0,0.26061382288538826,0.5576249953811906
964,8,1746323040,85,125,361,210,1,2,1,1,27,0.5370773556668008,0.6104433738241252,0.5477824422632205,0.9120412788358667,0,0.8549098352207469,0.3172289030961053
965,9,1746332100,58,91,365,149,5,1,4,0,65,0.014464114601972833,0.29539328389611086,0.3093889164508735,0.9708605618876316,0,0.14118387678373234,0.8809459021857939
966,2,1746332400,69,145,372,214,2,0,1,1,18,0.2845835832716228,0.7241040833360617,0.6980552283860917,0.7278513261995407,0,0.13066888299846058,0.6424406375414307
967,7,1746334980,57,109,342,166,2,0,1,0,43,0.9896119342918649,0.14603162467994557,0.8333743944718691,0.0765112488302534,0,0.7390477062001563,0.7202175120138504
968,5,1746348420,44,73,313,117,5,2,2,0,56,0.057399125820559616,0.8947734692785168,0.7861214098232535,0.40511830921710257,0,0.4063596385646381,0.652114529502332
969,7,1746359340,55,107,374,162,4,0,3,1,79,0.31939348815736834,0.1009150310404554,0.9770473720478788,0.6088023698406829,0,0.148486072534602,0.7212886715850879
970,12,1746362760,80,142,396,222,4,1,1,0,38,0.32142147496464823,0.8634911337624348,0.6368553986669425,0.5901950714499575,0,0.23000037648217175,0.14506714493444406
971,1,1746366660,64,115,335,179,1,0,4,1,37,0.3793859209327626,0.4978094277362325,0.3212254315588653,0.18144378583059817,0,0.7946019249856044,0.9225943983113134
972,12,1746382920,24,56,145,80,3,3,1,1,48,0.6847809184423453,0.4286470034878018,0.4979276130685336,0.5829447294508714,0,0.6232687900580196,0.2858107979585016
973,6,1746390780,51,77,221,128,3,2,4,1,57,0.2477437986829646,0.5006617605754313,0.8163171679506165,0.3496805078814441,0,0.7609287725664985,0.8365512230299579
974,10,1746400560,87,157,449,244,2,3,1,0,46,0.4602693441360528,0.2002063030929212,0.2653425872153774,0.33892684484371594,0,0.09777323898803769,0.8933842040969141
975,6,1746406680,51,85,283,136,4,0,2,1,70,0.6448635668524492,0.4576855795588136,0.23140825494399142,0.8340070053012362,0,0.4581042828497125,0.6512236066600412
976,4,1746421380,22,7,137,29,5,1,3,0,34,0.3223220583285886,0.8497198158986585,0.7248345803264707,0.42193315866822,0,0.7971062507813321,0.5983007620887452
977,10,1746445440,89,141,453,230,2,1,2,1,52,0.9487725805032546,0.800955242218799,0.4444274265154108,0.5273959540644526,0,0.265792750868431,0.10904821117158103
978,9,1746481620,67,151,362,218,2,2,3,1,58,0.9796726349426813,0.16304853449132928,0.8165703951897226,0.5628728610344788,0,0.1691889683760286,0.4362212260796283
979,2,1746493740,53,103,314,156,2,3,3,0,41,0.11967356768751114,0.6734209781290618,0.1436835861589889,0.5629967798516162,0,0.38178389381719213,0.6116443846481417
980,9,1746499320,48,59,247,107,5,0,3,0,66,0.3438198844008101,0.8568372649654253,0.3356964631494067,0.21312151378337207,0,0.3333799738387807,0.08186927248277276
981,10,1746501000,74,102,288,176,1,3,2,0,52,0.2079720698064753,0.8197675886188093,0.2680999065901012,0.5994533631490071,0,0.1854727788822036,0.11146201147754398
982,5,1746501360,45,78,347,123,5,2,4,0,65,0.18678959555711516,0.4256324432971814,0.6978681480662735,0.3346236089441196,0,0.9539449253562585,0.9934812551072089
983,12,1746534720,75,166,497,241,4,3,3,0,53,0.4909798383382795,0.04809284034611583,0.7593292133266495,0.6550202945961696,0,0.4830984045554402,0.33223415096259457
984,8,1746549300,64,111,356,175,3,0,2,0,57,0.5638271081348789,0.9311694229737492,0.4560026958865563,0.1456975989657271,0,0.6080763561099246,0.3497324872911639
985,5,1746554640,59,132,473,191,3,3,3,1,37,0.4256520405975992,0.39588511584806196,0.4780293763989356,0.9941155946336695,0,0.12110690874959507,0.251529150599892
986,1,1746564960,57,109,263,166,5,1,4,1,37,0.2725548730973607,0.36097663725634377,0.13203188278912947,0.7720432914533956,0,0.6100350881315129,0.646019769494277
987,9,1746585300,51,101,321,152,4,1,4,0,74,0.27862157425363965,0.759514944478813,0.7018280938130524,0.4172514334843075,0,0.5553226932084637,0.4730758868067968
988,3,1746627240,73,104,346,177,2,0,3,0,62,0.9921281563407308,0.26397221549202254,0.9923176335992474,0.30135185086428296,0,0.9319293277730326,0.7904309573735042
989,10,1746629580,39,88,250,127,1,3,4,1,29,0.9236773739902505,0.834747923167292,0.7779218408318094,0.3878020348178458,0,0.4123168010720437,0.5124948318557868
990,7,1746639360,25,38,211,63,4,3,4,1,53,0.07589884098935717,0.07605156081931563,0.22311232318762808,0.7212082727738749,0,0.782062100476217,0.015415980283715713
991,6,1746656520,66,136,336,202,1,0,2,1,5,0.6565506519961256,0.7407112007162109,0.6231227395942356,0.6554077995845652,0,0.304180978462122,0.48268739032679564
992,2,1746706680,66,102,358,168,1,1,3,1,38,0.4568776074848443,0.9657894904415316,0.29495681066425294,0.7020925120005874,0,0.5789403563278805,0.05518729059477456
993,9,1746721980,63,116,404,179,5,2,1,1,69,0.688814097199162,0.9957687968741735,0.03017655291628296,0.8889991954515393,0,0.9269703972441979,0.8267863804814273
994,2,1746732480,62,118,369,180,3,2,2,1,47,0.5969607055405535,0.9238043600641663,0.17982285565583356,0.4562952263104093,0,0.6250713107588963,0.11365808498470065
995,6,1746744900,49,85,197,134,4,0,4,1,52,0.8892524000824175,0.8707624054063094,0.10259357226384136,0.6695211484476647,0,0.7111586837665084,0.2169540149658158
996,11,1746748680,69,132,335,201,2,1,2,1,5,0.06698831428882501,0.2788802244577302,0.19593255356819417,0.4415079549598683,0,0.8759845252025904,0.45996524279482887
997,12,1746761040,54,91,330,145,1,1,4,0,42,0.3495979120577055,0.9666483626297641,0.7956044214490035,0.6380980781198765,0,0.9254243633087995,0.1951840554004145
998,12,1746782400,46,69,259,115,1,1,2,1,56,0.9854941257755847,0.9278965938143529,0.29283213403043173,0.47482363696294716,0,0.2082748752030671,0.5392199601970316
999,12,1746785700,49,120,225,169,2,3,1,1,59,0.18228534899061677,0.5343725070251866,0.7570399509451119,0.7766636273378931,0,0.19583803162918523,0.4606984244467053
1000,7,1746814740,91,184,550,275,1,0,1,0,69,0.12733343950664722,0.4020776543936796,0.9488625548427708,0.0052601232837330425,0,0.5504761269087858,0.9525226109172888
